Polling Firm,Fieldwork Start,Fieldwork End,Period Estimated,Scope,Variant,Sample Size,Wont Participate,Dont Know + Wont Say,Participation Rate,Participation,Precision,HLAS - SD,SMER - SSD,SaS,PS,OĽaNO,OĽaNO-KÚ-ZĽ,KDH,SR,REPUBLIKA,SNS,ALIANCIA,ZĽ,ĽSNS,DVaU,SPOLU/MK,Demokrati,MOST - HÍD,PS-SPOLU,VLASŤ/NV,SMK-MKP,MKDH,Spolužitie,MOS,MKO-MKS,MF,SPOLUPATRIČNOSŤ,#SIEŤ/SKS,Socialisti.sk,Zelení,SZ,SZS,NK,KSS,DS06,DS,Jablko,Modrí,Piráti,ŽIVOT - NS,DOMOV - NS,ODS,SHO,PATRIOT,SRK,MTD,STANK,PSN,SOLIDARITA,SĽS,MKDA-MKD SZ,99%,VZDOR,HĽ,SL,HP,PD,KÚ,Odvaha,SKOK!,SMS,SDKÚ-DS,SDK,DD,ŠANCA,DS - ĽK,KSZS,TIP,NOVA,ZZ-DÚS,NaS,ĽS-HZDS,SSS - NM,SDĽ05,SDĽ,SDA,OKS,SF,HZD,AZEN,ANO,P SNS,SDSS,SOP,ZRS,RSS,DÚ,KSÚ,Other,Source
EU ELECTION,2024-06-08,2024-06-08,TRUE,European,,,,,,,,,,,,,,,,,,,,,,,,,,,,,,,,,,,,,,,,,,,,,,,,,,,,,,,,,,,,,,,,,,,,,,,,,,,,,,,,,,,,,,,,,,,,,,,,
ELECTION,2023-09-30,2023-09-30,FALSE,National,,,,,,,,,,,,,,,,,,,,,,,,,,,,,,,,,,,,,,,,,,,,,,,,,,,,,,,,,,,,,,,,,,,,,,,,,,,,,,,,,,,,,,,,,,,,,,,,
SANEP,2023-09-10,2023-09-15,FALSE,National,,1782,0.159,0.168,0.6730,,0.100%,0.1520,0.2220,0.0480,0.1570,,0.0600,0.0560,0.0590,0.0750,0.0580,0.0280,,0.0170,,,0.0310,,,,,,,,,,,,,,,,,,,,,0.0120,,,,,,,,,,,,,,,,,,,,,,,,,,,,,,,,,,,,,,,,,,,,,,,,,,,0.0250,https://spravy.pravda.sk/parlamentne-volby-2023/clanok/681810-prieskum-sanep-pre-ta3-fico-bezpecne-prvy-ps-a-hlas-pri-sebe-sas-to-ma-nahnute/
FOCUS,2023-09-06,2023-09-13,FALSE,National,,1001,0.272,0.08,0.6470,,0.100%,0.1460,0.1890,0.0510,0.1650,,0.0630,0.0620,0.0490,0.0800,0.0640,0.0360,,0.0180,,,0.0370,,,,,,,,,0.0080,,,,,,,,0.0030,,,,0.0150,0.0050,,,,,,,,,,,,,,,,,,,,,,,0.0030,,,,,,,,,,,,,,,,,,,,,,,,,,,,https://www.focus-research.sk/wp-content/uploads/2023/09/Volebne-preferencie-politickych-stran_SEPTEMBER-2023.pdf
AKO,2023-09-05,2023-09-11,FALSE,National,,1000,0.096,0.19,0.7240,,0.100%,0.1510,0.1940,0.0740,0.1820,,0.0700,0.0600,0.0530,0.0520,0.0600,0.0290,,0.0060,,,0.0350,,,,,,,,,0.0030,,,,,,,,0.0030,,,,0.0140,0.0010,,,,,,,,,,,,,,,,,,,,,,,0.0030,,,,,,,,,,,,,,,,,,,,,,,,,,,,https://ako.sk/wp-content/uploads/2023/09/ag.AKO_VOLEBNE_PREF_SEPTEMBER_2023.pdf
NMS,2023-09-05,2023-09-10,FALSE,National,,1410,,,0.6970,,0.100%,0.1140,0.2200,0.0420,0.1810,,0.0610,0.0470,0.0580,0.0830,0.0730,0.0320,,0.0100,,,0.0380,,,,,,,,,0.0040,,,,,,,,0.0040,,,,0.0090,0.0020,,,,,,,,,,,,,,,,,,,,,,,0.0010,,,,,,,,,,,,,,,,,,,,,,,,,,,,https://nms.global/sk/predvolebny-prieskum-september-2023/
Polis,2023-09-01,2023-09-06,FALSE,National,,1002,,,,,0.100%,0.1280,0.2450,0.0680,0.1460,,0.0540,0.0540,0.0580,0.0760,0.0600,0.0520,,,,,0.0120,,,,,,,,,,,,,,,,,,,,,,,,,,,,,,,,,,,,,,,,,,,,,,,,,,,,,,,,,,,,,,,,,,,,,,,,,https://ereport.sk/volby-by-jednoznacne-vyhral-smer/
SANEP,2023-08-27,2023-09-02,FALSE,National,,1635,0.192,0.149,0.6590,,0.100%,0.1500,0.2140,0.0610,0.1560,,0.0650,0.0600,0.0590,0.0840,0.0550,0.0270,,0.0200,,,0.0300,,,,,,,,,,,,,,,,,,,,,0.0120,,,,,,,,,,,,,,,,,,,,,,,,,,,,,,,,,,,,,,,,,,,,,,,,,,,0.0070,https://spravy.pravda.sk/parlamentne-volby-2023/clanok/680044-prieskum-sanep-pre-ta3-ficov-smer-s-odstupom-prvy-ps-a-hlas-tesne-pri-sebe-olano-mimo-hry/?utm_source=pravda&utm_medium=hp-box&utm_campaign=shp_3clanok_box
MEDIAN SK,2023-08-25,2023-08-31,FALSE,National,,1002,,,,,0.100%,0.0940,0.1780,0.0670,0.1780,,0.0710,0.0730,0.0820,0.1020,0.0550,,,0.0230,,,0.0360,,,,,,,,,,,,,,,,,,,,,,,,,,,,,,,,,,,,,,,,,,,,,,,,,,,,,,,,,,,,,,,,,,,,,,,,,https://spravy.rtvs.sk/2023/09/volebny-model-median-sk-progresivne-slovensko-sa-dotiahlo-na-smer-republika-predbehla-hlas/
MEDIAN SK,2023-08-21,2023-08-24,FALSE,National,,1005,,,,,0.100%,0.1000,0.2020,0.0730,0.1760,,0.0620,0.0670,0.0580,0.1000,0.0530,,,0.0240,,,0.0410,,,,,,,,,,,,,,,,,,,,,,,,,,,,,,,,,,,,,,,,,,,,,,,,,,,,,,,,,,,,,,,,,,,,,,,,,https://spravy.rtvs.sk/2023/08/volebny-model-median-sk-pre-rtvs-republika-dorovnala-hlas-rozdiel-medzi-smerom-a-ps-sa-zmensil/
Polis,2023-08-11,2023-08-16,FALSE,National,,1009,0.11,0.35,0.5400,,0.100%,0.1290,0.2340,0.0650,0.1420,,0.0560,0.0520,0.0530,0.0660,0.0610,0.0530,,0.0220,,,0.0230,,,,,,,,,0.0110,,,,,,,,,,,,0.0180,0.0030,,,,0.0050,,,,,,,,,,,,,,,,,,,,,,,,,,,,,,,,,,,,,,,,,,,,,,,https://www.topky.sk/cl/10/2579919/EXKLUZIVNE-Prieskum--ktory-meni-hru--Republika-pada--Hegerovi-uz-klesli-preferencie-na-uroven-Kotlebu
FOCUS,2023-08-09,2023-08-16,FALSE,National,,1009,0.242,0.102,0.6560,,0.100%,0.1420,0.2000,0.0610,0.1500,,0.0640,0.0610,0.0510,0.0880,0.0530,0.0340,,0.0210,,,0.0310,,,,,,,,,0.0070,,,,,,,,0.0020,,,,0.0170,0.0020,,,,0.0010,,,,,,,,,,,,,,,,,,,0.0020,,,,,,,,,,,,,,,,,,,,,,,,,,,,https://www.focus-research.sk/wp-content/uploads/2023/08/Volebne-preferencie-politickych-stran_AUGUST-2023.pdf
IPSOS,2023-08-10,2023-08-14,FALSE,National,,1003,,,0.6600,,0.100%,0.1330,0.1970,0.0570,0.1690,,0.0770,0.0620,0.0550,0.0790,0.0510,0.0360,,0.0290,,,0.0290,,,,,,,,,0.0070,,,,,,,,,,,,0.0140,,,,,,,,,,,,,,,,,,,,,,,,,,,,,,,,,,,,,,,,,,,,,,,,,,,,https://www.ipsos.com/sites/default/files/ct/news/documents/2023-08/IPSOS%20-%20Tla%C4%8Dov%C3%A1%20spr%C3%A1va%20-%20Reprezentat%C3%ADvny%20prieskum%20politick%C3%BDch%20preferenci%C3%AD%2017.8.2023.pdf
AKO,2023-08-07,2023-08-14,FALSE,National,,1000,0.1,0.141,0.7590,,0.100%,0.1500,0.1920,0.0660,0.1780,,0.0720,0.0620,0.0570,0.0630,0.0590,0.0250,,0.0030,,,0.0290,,,,,,,,,0.0080,,,,,,,,0.0040,,,,0.0210,,,,,0.0010,,,,,,,,,,,,,,,,,,,0.0040,,,,,,,,,,,,,,,,,,,,,,,,,,,,https://ako.sk/wp-content/uploads/2023/08/ag.AKO_VOLEBNE_PREF_AUGUST_2023_DRUHE.pdf
SANEP,2023-08-06,2023-08-13,FALSE,National,,1726,0.181,0.157,0.6620,,0.100%,0.1300,0.2200,0.0600,0.1580,,0.0670,0.0590,0.0620,0.0810,0.0540,0.0290,,0.0180,,,0.0310,,,,,,,,,,,,,,,,,,,,,0.0120,,,,,,,,,,,,,,,,,,,,,,,,,,,,,,,,,,,,,,,,,,,,,,,,,,,0.0190,https://spravy.pravda.sk/parlamentne-volby-2023/clanok/677923-prieskum-sanep-pre-ta3-diera-medzi-smerom-a-hlasom-sa-zvacsuje-ps-tiez-rastie-sns-v-parlamente/?utm_source=pravda&utm_medium=hp-box&utm_campaign=shp_3clanok_box
NMS,2023-08-01,2023-08-07,FALSE,National,,1416,,,0.6590,,0.100%,0.1150,0.2330,0.0450,0.1700,,0.0630,0.0500,0.0560,0.0750,0.0600,0.0300,,0.0280,,,0.0260,,,,,,,,,0.0040,,,,,,,,0.0050,,,,0.0160,0.0010,,,,0.0020,,,,,,,,,,,,,,,,,,,0.0020,,,,,,,,,,,,,,,,,,,,,,,,,,,,https://nms.global/sk/predvolebny-prieskum-august-2023/
IPSOS,2023-07-26,2023-08-01,FALSE,National,,1001,,,0.6600,,0.100%,0.1340,0.2030,0.0670,0.1690,,0.0790,0.0540,0.0560,0.0880,0.0520,0.0190,,0.0220,,,0.0260,,,,,,,,,0.0050,,,,,,,,,,,,0.0160,,,,,,,,,,,,,,,,,,,,,,,,,,,,,,,,,,,,,,,,,,,,,,,,,,,,https://spravy.pravda.sk/domace/clanok/676963-prieskum-ipsosu-pre-pravdu-rast-smeru-a-rekordne-ps-matovicove-fiatky-zrejme-zaberaju-na-kollara-dolahla-kauza/?utm_source=pravda&utm_medium=hp-box&utm_campaign=shp_3clanok_box
SANEP,2023-07-23,2023-07-30,FALSE,National,,1675,0.179,0.163,0.6580,,0.100%,0.1410,0.2090,0.0610,0.1550,,0.0690,0.0600,0.0640,0.0880,0.0520,0.0270,,0.0140,,,0.0330,,,,,,,,,,,,,,,,,,,,,0.0110,,,,,,,,,,,,,,,,,,,,,,,,,,,,,,,,,,,,,,,,,,,,,,,,,,,,https://spravy.pravda.sk/parlamentne-volby-2023/clanok/676671-prieskum-sanep-pre-ta3-smer-uz-prerastol-20-ps-stupa-hlas-straca-sns-tesne-v-parlamente/?utm_source=pravda&utm_medium=hp-box&utm_campaign=shp_3clanok_box
AKO,2023-07-24,2023-07-28,FALSE,National,,1000,0.129,0.202,0.6690,,0.100%,0.1520,0.1990,0.0660,0.1640,,0.0670,0.0600,0.0610,0.0670,0.0580,0.0220,,0.0120,,,0.0220,,,,,,,,,0.0090,,,,,,,,0.0010,,,,0.0150,0.0030,,,,0.0040,,,,,,,,,,,,,,,,,,,0.0030,,,,,,,,,,,,,,,,,,,,,,,,,,,,https://ako.sk/wp-content/uploads/2023/08/ag.AKO_VOLEBNE_PREF_AUGUST_2023_.pdf
Polis,2023-07-22,2023-07-27,FALSE,National,,1034,0.11,0.33,0.5600,,0.100%,0.1250,0.2310,0.0520,0.1360,,0.0620,0.0550,0.0450,0.0840,0.0540,0.0540,,0.0310,,,0.0300,,,,,,,,,0.0160,,,,,,,,,,,,0.0250,,,,,,,,,,,,,,,,,,,,,,,,,,,,,,,,,,,,,,,,,,,,,,,,,,,,https://www.topky.sk/cl/10/2566267/EXKLUZIVNE-Novy-predvolebny-prieskum-opat-miesa-karty--SNS-posilnuje--priepast-medzi-Smerom-a-PS-sa-zvacsuje-
FOCUS,2023-07-21,2023-07-26,FALSE,National,,1024,0.133,0.157,0.7100,,0.100%,0.1600,0.1810,0.0520,0.1430,,0.0620,0.0560,0.0560,0.0870,0.0510,0.0400,,0.0230,,,0.0380,,,,,,,,,0.0120,,,,,,,,0.0020,,,,0.0180,0.0060,,,,0.0020,,,,,,,,,,,,,,,,,,,0.0030,,,,,,,,,,,,,,,,,,,,,,,,,,,,https://www.focus-research.sk/wp-content/uploads/2023/08/Volebne-preferencie-politickych-stran_JUL-2023.pdf
MEDIAN SK,2023-07-21,2023-07-26,FALSE,National,,1010,,,,,0.100%,0.1210,0.2150,0.0650,0.1710,,0.0530,0.0620,0.0740,0.0970,0.0420,0.0240,,,,,0.0340,,,,,,,,,,,,,,,,,,,,,,,,,,,,,,,,,,,,,,,,,,,,,,,,,,,,,,,,,,,,,,,,,,,,,,,,0.0420,https://spravy.rtvs.sk/2023/07/exkluzivny-volebny-model-pre-rtvs-smer-na-cele-olano-by-nepreslo-taketo-koalicie-ocakavaju-volici/
MEDIAN SK,2023-07-19,2023-07-21,FALSE,National,,1008,,,0.7300,668,0.100%,0.1110,0.2010,0.0610,0.1910,,0.0550,0.0650,0.0610,0.1000,0.0410,,,0.0230,,,0.0420,,,,,,,,,,,,,,,,,,,,,0.0250,,,,,,,,,,,,,,,,,,,,,,,,,,,,,,,,,,,,,,,,,,,,,,,,,,,,https://www.median.sk/pdf/OSTATNE/Volebnymodel_Jul_v08.pdf
IPSOS,2023-07-17,2023-07-21,FALSE,National,,1005,,,0.6400,,0.100%,0.1490,0.1940,0.0500,0.1590,,0.0710,0.0590,0.0640,0.0860,0.0500,0.0350,,0.0260,,,0.0210,,,,,,,,,0.0080,,,,,,,,,,,,0.0180,,,,,,,,,,,,,,,,,,,,,,,,,,,,,,,,,,,,,,,,,,,,,,,,,,,0.0110,https://www.ipsos.com/sites/default/files/ct/news/documents/2023-07/IPSOS%20-%20Tla%C4%8Dov%C3%A1%20spr%C3%A1va%20-%20Reprezentat%C3%ADvny%20prieskum%20politick%C3%BDch%20preferenci%C3%AD%2024.07.2023_0.pdf
AKO,2023-07-10,2023-07-17,FALSE,National,,1000,0.138,0.234,0.6280,,0.100%,0.1650,0.1810,0.0760,0.1540,,0.0720,0.0590,0.0620,0.0680,0.0510,0.0170,,0.0170,,,0.0220,,,,,,,,,0.0140,,,,,,,,0.0100,,,,0.0130,0.0020,,,,0.0020,,,,,,,,,,,,,,,,,,,0.0050,,,,,,,,,,,,,,,,,,,,,,,,,,,,https://ako.sk/wp-content/uploads/2023/07/ag.AKO_VOLEBNE_PREF_JUL_2023_.pdf
SANEP,2023-07-09,2023-07-16,FALSE,National,,1542,,,,,0.100%,0.1550,0.1890,0.0670,0.1380,,0.0850,0.0600,0.0640,0.0800,0.0510,0.0290,,0.0200,,,0.0340,,,,,,,,,,,,,,,,,,,,,0.0130,,,,,,,,,,,,,,,,,,,,,,,,,,,,,,,,,,,,,,,,,,,,,,,,,,,,https://spravy.pravda.sk/domace/clanok/675420-prieskum-sanep-pre-ta3-fico-na-cele-danko-tesne-v-parlamente/?utm_source=pravda&utm_medium=hp-box&utm_campaign=shp_3clanok_box
NMS,2023-07-04,2023-07-09,FALSE,National,,1413,,,0.6130,,0.100%,0.1140,0.2060,0.0470,0.1560,,0.0690,0.0570,0.0530,0.1040,0.0460,0.0340,,0.0290,,,0.0280,,,,,,,,,0.0040,,,,,,,,0.0050,,,,0.0130,0.0020,,,,,,,,,,,,,,,,,,,,,,,0.0070,,,,,,,,,,,,,,,,,,,,,,,,,,,,https://nms.global/sk/predvolebny-prieskum-jul-2023/
SANEP,2023-06-25,2023-07-02,FALSE,National,,1671,0.148,0.229,0.6230,,0.100%,0.1650,0.1860,0.0640,0.1340,0.0670,,0.0620,0.0680,0.0820,0.0480,0.0210,,0.0220,,,0.0310,,,,,,,,,,,,,,,,,,,,,0.0120,,,,,,,,,,,,,,,,,,,,,,,,,,,,,,,,,,,,,,,,,,,,,,,,,,,,https://spravy.pravda.sk/parlamentne-volby-2023/clanok/673398-prieskum-smer-vedie-ale-bez-hlasu-nikto-vladu-nezlozi/
Polis,2023-06-24,2023-06-30,FALSE,National,,1022,0.14,0.27,0.5900,,0.100%,0.1250,0.2150,0.0620,0.1220,0.0530,,0.0550,0.0530,0.0770,0.0510,0.0510,,,,,,,,,,,,,,,,,,,,,,,,,,,,,,,,,,,,,,,,,,,,,,,,,,,,,,,,,,,,,,,,,,,,,,,,,,,,,,https://ereport.sk/exkluzivny-prieskum/
FOCUS,2023-06-21,2023-06-28,FALSE,National,,1012,0.176,0.105,0.7190,,0.100%,0.1630,0.1900,0.0500,0.1350,0.0600,,0.0600,0.0610,0.0900,0.0550,0.0390,0.0070,0.0210,,,0.0360,,,,,,,,,0.0140,,,,,,,,,,,,0.0160,0.0030,,,,,,,,,,,,,,,,,,,,,,,,,,,,,,,,,,,,,,,,,,,,,,,,,,,https://www.focus-research.sk/wp-content/uploads/2023/06/Volebne-preferencie-politickych-stran_JUN-2023.pdf
MEDIAN SK,2023-05-15,2023-06-20,FALSE,National,,1036,,,0.6500,630,0.100%,0.1410,0.1800,0.0660,0.1160,0.0710,,0.0650,0.0700,0.0820,0.0460,,0.0150,0.0300,,,0.0470,,,,,,,,,,,,,,,,,,,,,,,,,,,,,,,,,,,,,,,,,,,,,,,,,,,,,,,,,,,,,,,,,,,,,,,,0.0710,https://www.median.sk/sk/wp-content/uploads/2023/06/4523500_PAT05_Volebny_model_v04.pdf
IPSOS,2023-06-12,2023-06-16,FALSE,National,,1001,,,0.6900,,0.100%,0.1480,0.1890,0.0720,0.1550,0.0640,,0.0560,0.0720,0.0830,0.0430,0.0310,0.0080,0.0190,,,0.0400,,,,,,,,,0.0050,,,,,,,,,,,,0.0080,,,,,,,,,,,,,,,,,,,,,,,,,,,,,,,,,,,,,,,,,,,,,,,,,,,0.0070,https://www.ipsos.com/sites/default/files/ct/news/documents/2023-07/IPSOS%20-%20Tla%C4%8Dov%C3%A1%20spr%C3%A1va%20-%20Reprezentat%C3%ADvny%20prieskum%20politick%C3%BDch%20preferenci%C3%AD%2019.06.2023.pdf
AKO,2023-06-06,2023-06-09,FALSE,National,,1000,0.125,0.258,0.6170,,0.100%,0.1720,0.1900,0.0780,0.1440,0.0710,,0.0650,0.0620,0.0700,0.0470,0.0130,0.0060,0.0100,,,0.0280,,,,,,,,,0.0210,,,,,,,0.0020,0.0030,,,,0.0130,,,,,,,,,,0.0020,,,,,,,,,,0.0030,,,,,,,,,,,,,,,,,,,,,,,,,,,,,,,,https://ako.sk/wp-content/uploads/2023/06/ag.AKO_VOLEBNE_PREF_JUN_2023.pdf
NMS,2023-06-02,2023-06-08,FALSE,National,,1446,,,0.6200,,0.100%,0.1410,0.1960,0.0470,0.1520,0.0630,,0.0600,0.0680,0.0940,0.0390,0.0340,0.0180,0.0310,,,0.0180,,,,,,,,,0.0080,,,0.0020,,,,,0.0030,,,0.0050,0.0110,,,,,,,,,,,,,,,,,,,,,,,,,,,,,,,,,,,,,,,,,,,,,,,,,,,,https://nms.global/sk/predvolebny-prieskum-jun-2023/
FOCUS,2023-05-24,2023-05-31,FALSE,National,,1012,0.16,0.137,0.7030,,0.100%,0.1740,0.1800,0.0530,0.1250,0.0530,,0.0550,0.0660,0.0970,0.0470,0.0400,0.0110,0.0250,,,0.0320,0.0150,,,,,,,,0.0110,,,,,,,,0.0030,,,0.0010,0.0100,,,,,,,,,,,,,,,,,,,,,,,,,,,,,,,,,,,,,,,,,,,,,,,,,,,0.0020,https://tvnoviny.sk/na-telo/clanok/843354-prieskum-preferencii-demokrati-stale-mimo-parlamentu-prvenstvo-drzi-smer
IPSOS,2023-05-16,2023-05-19,FALSE,National,,1004,,,0.7000,,0.100%,0.1560,0.1690,0.0610,0.1330,0.0700,,0.0520,0.0750,0.0910,0.0380,0.0380,0.0220,0.0180,,,0.0340,,,,,,,,,0.0070,,,,,,,,,,,0.0090,0.0150,,,,,,,,,,,,,,,,,,,,,,,,,,,,,,,,,,,,,,,,,,,,,,,,,,,,https://www.ipsos.com/sites/default/files/ct/news/documents/2023-05/IPSOS%20-%20Tla%C4%8Dov%C3%A1%20spr%C3%A1va%20-%20Reprezentat%C3%ADvny%20prieskum%20politick%C3%BDch%20preferenci%C3%AD%2022.05.2023.pdf
NMS,2023-05-05,2023-05-17,FALSE,National,,1233,,,0.6700,,0.100%,0.1400,0.2130,0.0620,0.1420,0.0730,,0.0550,0.0590,0.0870,0.0310,0.0260,0.0100,0.0170,,,0.0270,,,,,,,,,0.0070,,,0.0040,,,,0.0150,0.0050,,,0.0090,0.0090,,0.0020,,,,,,,,,,,,,,,,,,,,,,,,,,,,,,,,,,,,,,,,,,,,,,,,,,https://nms.global/sk/predvolebny-prieskum-maj-2023/
AKO,2023-05-04,2023-05-10,FALSE,National,,1000,0.113,0.188,0.6990,,0.100%,0.1650,0.1800,0.0830,0.1430,0.0740,,0.0660,0.0560,0.0690,0.0440,0.0110,0.0190,0.0070,,,0.0340,,,,,,,,,0.0310,,,0.0020,,0.0010,,0.0010,0.0010,,,,0.0110,,,,,,,,,,,,,,,,,,,,0.0020,,,,,,,,,,,,,,,,,,,,,,,,,,,,,,,,https://ako.sk/wp-content/uploads/2023/05/ag.AKO_VOLEBNE_PREF_MAJ_2023.pdf
Polis,2023-04-29,2023-05-06,FALSE,National,,1011,,,,,0.100%,0.1700,0.2420,0.0650,0.1170,0.0660,,0.0580,0.0690,0.0720,0.0490,0.0300,0.0100,0.0240,,,0.0210,,,,,,,,,0.0060,,,0.0010,,,,,,,,,,,,,,,,,,,,,,,,,,,,,,,,,,,,,,,,,,,,,,,,,,,,,,,,,,,,,https://www.topky.sk/cl/10/2524727/Ficov-Smer-valcuje-dalsi-PRIESKUM--percenta-mu-stupaju--SNS-na-prahu-zvolitelnosti--Demokrati-preslapuju-na-mieste
MEDIAN SK,2023-04-01,2023-05-06,FALSE,National,,1943,,,0.6300,1090,0.100%,0.1390,0.1620,0.0820,0.1160,0.0790,,0.0680,0.0900,0.0700,0.0350,0.0250,0.0180,0.0250,,,0.0400,,,,,,,,,,,,,,,,,,,,,,,,,,,,,,,,,,,,,,,,,,,,,,,,,,,,,,,,,,,,,,,,,,,,,,,,0.0490,https://www.median.sk/pdf/OSTATNE/4523500_PAT04_VOLMOD_v04.pdf
FOCUS,2023-04-19,2023-04-26,FALSE,National,,1013,0.166,0.153,0.6810,,0.100%,0.1700,0.1770,0.0520,0.1310,0.0560,,0.0600,0.0610,0.0980,0.0400,0.0430,0.0100,0.0270,0.0110,,0.0360,,,,,,,,,0.0170,,,0.0010,,,,0.0030,,,,,0.0030,,,,,,0.0030,,,,,,,,,,,,,,,,,,,,,,,,,,,,,,,,,,,,,,,,,,,,,0.0010,https://www.focus-research.sk/wp-content/uploads/2023/05/Volebne-preferencie-politickych-stran_APRIL-2023.pdf
IPSOS,2023-04-13,2023-04-18,FALSE,National,,1002,,,,800,0.100%,0.1620,0.1680,0.0640,0.1410,0.0700,,0.0480,0.0640,0.0880,0.0420,0.0240,0.0200,0.0230,0.0090,,0.0360,,,,,,,,,0.0110,,,,,,,,,,,0.0080,0.0080,,,,,,,,,,,,,,,,,,,,,,,,,,,,,,,,,,,,,,,,,,,,,,,,,,,0.0150,https://www.teraz.sk/slovensko/prieskum-volby-by-v-aprili-vyhral-sme/708887-clanok.html?utm_source=teraz&utm_medium=organic&utm_campaign=click&utm_content=.%253Bw%253BwIndex
AKO,2023-04-04,2023-04-11,FALSE,National,,1000,0.127,0.221,0.6520,,0.100%,0.1630,0.1790,0.0830,0.1410,0.0580,,0.0640,0.0710,0.0660,0.0430,0.0210,0.0180,0.0140,0.0050,,0.0410,,,,,,,,,0.0210,,,0.0020,,,,0.0080,,,,,,,,,,,,,,,,,,,,,,,,,0.0020,,,,,,,,,,,,,,,,,,,,,,,,,,,,,,,,https://ako.sk/wp-content/uploads/2023/04/ag.AKO_VOLEBNE_PREF_APRIL_2023.pdf
NMS,2023-03-28,2023-04-02,FALSE,National,,1008,,,0.6300,,0.100%,0.1420,0.2240,0.0510,0.1280,0.0520,,0.0630,0.0570,0.0990,0.0240,0.0300,0.0200,0.0190,0.0030,,0.0300,,,,,,,,,0.0130,,,0.0060,,,,0.0190,0.0060,,,0.0010,0.0080,,0.0020,,,,,,,,,,,,,,,,,,,,,,,,,,,,,,,,,,,,,,,,,,,,,,,,,,https://nms.global/sk/predvolebny-prieskum-april-2023/
MEDIAN SK,2023-03-06,2023-04-02,FALSE,National,,1057,,,0.6100,613,0.100%,0.1580,0.1620,0.0790,0.0970,0.0750,,0.0740,0.0950,0.0580,0.0190,0.0340,0.0300,0.0390,0.0160,,0.0330,,,,,,,,,,,,,,,,,,,,,,,,,,,,,,,,,,,,,,,,,,,,,,,,,,,,,,,,,,,,,,,,,,,,,,,,0.0310,https://www.median.sk/pdf/OSTATNE/4523500_PAT03_Volebnymodel_v03.pdf
FOCUS,2023-03-14,2023-03-22,FALSE,National,,1018,0.178,0.155,0.6670,,0.100%,0.1710,0.1760,0.0510,0.1210,0.0430,,0.0580,0.0770,0.0960,0.0340,0.0470,0.0120,0.0270,0.0140,,0.0500,,,,,,,,,0.0150,,,,,,,0.0010,0.0010,,,0.0030,,,,,,,0.0030,,,,,,,,,,,,,,,,,,,,,,,,,,,,,,,,,,,,,,,,,,,,,,https://www.focus-research.sk/wp-content/uploads/2023/03/Volebne-preferencie-politickych-stran_MAREC-2023.pdf
AKO,2023-03-07,2023-03-13,FALSE,National,,1000,0.181,0.144,0.6750,,0.100%,0.1610,0.1760,0.0810,0.1510,0.0500,,0.0670,0.0680,0.0680,0.0420,0.0190,0.0160,0.0120,0.0100,,0.0490,,,,,,,,,0.0220,,,0.0040,,,,0.0040,,,,,,,,,,,,,,,,,,,,,,,,,,,,,,,,,,,,,,,,,,,,,,,,,,,,,,,,,https://ako.sk/wp-content/uploads/2023/03/ag.AKO_VOLEBNE_PREF_MAREC_2023.pdf
IPSOS,2023-03-07,2023-03-09,FALSE,National,,1017,,,,835,0.100%,0.1600,0.1620,0.0640,0.1110,0.0480,,0.0570,0.0850,0.0860,0.0300,0.0380,0.0290,0.0220,0.0060,,0.0480,,,,,,,,,0.0140,,,,,,,,,,,0.0040,0.0190,,,,,,,,,,,,,,,,,,,,,,,,,,,,,,,,,,,,,,,,,,,,,,,,,,,0.0190,https://dennikn.sk/3276887/volby-by-vyhral-smer-hegerovi-demokrati-maju-takmer-5-percent-a-posielaju-matovica-mimo-parlamentu-prieskum-ipsosu/?ref=mwat
NMS,2023-03-03,2023-03-07,FALSE,National,,1000,,,0.6300,,0.100%,0.1780,0.1960,0.0560,0.1220,0.0570,,0.0590,0.0730,0.0990,0.0260,0.0160,0.0170,0.0220,0.0160,,,,,,,,,,,0.0130,,,0.0050,,,,0.0140,0.0040,,,0.0020,0.0170,,0.0010,,,,,,,,,,,,,,,,,,,,,,,,,,,,,,,,,,,,,,,,,,,,,,,,,,https://nms.global/sk/predvolebny-prieskum-april-2023/
MEDIAN SK,2023-02-01,2023-03-05,FALSE,National,,1076,,,0.5900,628,0.100%,0.1450,0.1950,0.0920,0.1140,0.0850,,0.0630,0.0740,0.0610,0.0420,0.0260,0.0220,0.0310,,,,,,,,,,,,,,,,,,,,,,,,,,,,,,,,,,,,,,,,,,,,,,,,,,,,,,,,,,,,,,,,,,,,,,,,,,,0.0500,https://www.median.sk/pdf/OSTATNE/4523500_PAT02_model_v04.pdf
Polis,2023-02-14,2023-02-21,FALSE,National,,1002,0.21,0.24,0.5500,,0.100%,0.1780,0.2110,0.0640,0.0920,0.0650,,0.0640,0.0590,0.0780,0.0390,0.0460,0.0150,0.0210,0.0310,0.0150,,,,,,,,,,,,,,,,,0.0050,,,,,,,0.0170,,,,,,,,,,,,,,,,,,,,,,,,,,,,,,,,,,,,,,,,,,,,,,,,,,https://sita.sk/volby-by-vyhral-smer-sd-olano-ma-v-prieskume-o-01-percenta-viac-ako-kdh-a-sas/
AKO,2023-02-07,2023-02-13,FALSE,National,,1000,0.159,0.221,0.6200,,0.100%,0.1890,0.1630,0.0790,0.1370,0.0730,,0.0690,0.0710,0.0660,0.0400,0.0210,0.0230,0.0150,0.0020,0.0130,,,,,,,,,,0.0280,,,0.0020,,,,0.0050,,,,,,,,,,0.0020,0.0020,,,,,,,,,,,,,,,,,,,,,,,,,,,,,,,,,,,,,,,,,,,,,,https://ako.sk/wp-content/uploads/2023/02/ag.AKO_VOLEBNE_PREF_FEBRUAR_2023.pdf
FOCUS,2023-02-01,2023-02-08,FALSE,National,,1017,0.13,0.191,0.6790,,0.100%,0.2080,0.1460,0.0530,0.1100,0.0640,,0.0690,0.0770,0.0850,0.0360,0.0450,0.0100,0.0290,0.0140,0.0200,,,,,,,,,,0.0190,,,,,,,0.0040,,,,0.0010,,,,0.0020,,,0.0060,,,,,,,,,,,,,,0.0020,,,,,,,,,,,,,,,,,,,,,,,,,,,,,,,,https://www.focus-research.sk/wp-content/uploads/2023/02/Volebne-preferencie-politickych-stran_FEBRUAR-2023.pdf
MEDIAN SK,2023-01-09,2023-02-05,FALSE,National,,1029,,,0.6000,600,0.100%,0.1560,0.1790,0.0780,0.0960,0.0870,,0.0640,0.1090,0.0450,0.0260,0.0400,0.0260,0.0240,0.0180,0.0180,,,,,,,,,,,,,,,,,,,,,,,,,,,,,,,,,,,,,,,,,,,,,,,,,,,,,,,,,,,,,,,,,,,,,,,,,0.0340,https://www.median.sk/pdf/OSTATNE/4523500_PAT01_Sprava_v05.pdf
Polis,2023-01-28,2023-02-01,FALSE,National,,1002,0.22,0.22,0.5600,,0.100%,0.1940,0.2100,0.0570,0.0950,0.0720,,0.0520,0.0650,0.0710,,0.0470,0.0100,0.0230,0.0350,,,,,,,,,,,,,,,,,,,,,,,,,,,,,,,,,,,,,,,,,,,,,,,,,,,,,,,,,,,,,,,,,,,,,,,,,,,https://www.webnoviny.sk/volby-by-vyhral-smer-nasledovany-hlasom-sas-je-pod-siestimi-percentami-a-olano-s-republikou-tesne-pri-sebe/
IPSOS,2023-01-18,2023-01-20,FALSE,National,,1010,,,,800,0.100%,0.1820,0.1360,0.0690,0.1260,0.0810,,0.0650,0.0800,0.0810,0.0290,0.0320,0.0200,0.0320,,,,,,,,,,,,,,,,,,,,,,,,,,,,,,,,,,,,,,,,,,,,,,,,,,,,,,,,,,,,,,,,,,,,,,,,,,,,https://dennikn.sk/3203974/sas-nestratila-len-percenta-ale-aj-polovicu-vernych-volicov-volby-by-vyhral-hlas-dalej-rastu-progresivci-prieskum-ipsosu/?ref=mwai
AKO,2023-01-10,2023-01-16,FALSE,National,,1000,0.169,0.159,0.6720,,0.100%,0.1760,0.1590,0.0910,0.1320,0.0870,,0.0620,0.0680,0.0730,0.0410,0.0210,0.0290,0.0190,0.0060,0.0010,,,,,,,,,,0.0190,,,0.0030,,,,0.0060,0.0040,0.0010,,,,,0.0010,,,,0.0010,,,,,,,,,,,,,,,,,,,,,,,,,,,,,,,,,,,,,,,,,,,,,,https://ako.sk/wp-content/uploads/2023/01/ag.AKO_VOLEBNE_PREF_JANUAR_2023.pdf
MEDIAN SK,2022-12-19,2022-12-23,FALSE,National,,1006,,,0.7600,865,0.100%,0.1910,0.1670,0.0650,0.1410,0.0630,,0.0610,0.0600,0.0960,,0.0270,0.0200,0.0200,,,,,,,,,,,,,,,,,,,,,,,,,,,,,,,,,,,,,,,,,,,,,,,,,,,,,,,,,,,,,,,,,,,,,,,,,,,0.0890,https://www.median.sk/pdf/OSTATNE/4522628_Volebnymodel_MEDIANSK_december_v01.pdf
FOCUS,2022-12-16,2022-12-20,FALSE,National,,1180,0.111,0.181,0.7080,,0.100%,0.1900,0.1660,0.0560,0.1280,0.0740,,0.0590,0.0820,0.0690,0.0340,0.0440,0.0220,0.0310,0.0110,0.0100,,,,,,,,,,0.0110,,,,,,,,,,,,,,,,,,,,,,,,,,,,,,,,,,,,,,,,,,,,,,,,,,,,,,,,,,,,,,,0.0130,https://www.focus-research.sk/wp-content/uploads/2022/12/Volebne-preferencie-politickych-stran_DECEMBER-II.-2022.pdf
AKO,2022-12-06,2022-12-12,FALSE,National,,1000,0.161,0.204,0.6350,,0.100%,0.2020,0.1610,0.0990,0.1180,0.0800,,0.0550,0.0770,0.0660,0.0400,0.0310,0.0170,0.0160,0.0090,0.0020,,,,,,,,,,0.0130,,,0.0020,,,,0.0080,,,,,,,0.0020,,,,0.0020,,,,,,,,,,,,,,,,,,,,,,,,,,,,,,,,,,,,,,,,,,,,,,https://ako.sk/wp-content/uploads/2022/12/ag.AKO_VOLEBNE_PREF_DECEMBER_2022.pdf
FOCUS,2022-11-30,2022-12-07,FALSE,National,,1007,0.181,0.154,0.6650,,0.100%,0.1990,0.1580,0.0770,0.1030,0.0700,,0.0600,0.0730,0.0790,0.0370,0.0510,0.0270,0.0300,0.0110,0.0070,,,,,,,,,,0.0160,,,,,,,,0.0010,,,,,,,,,,0.0010,,,,,,,,,,,,,,,,,,,,,,,,,,,,,,,,,,,,,,,,,,,,,,https://www.focus-research.sk/wp-content/uploads/2022/12/Volebne-preferencie-politickych-stran_DECEMBER-2022.pdf
Polis,2022-11-25,2022-11-30,FALSE,National,,1058,0.2,0.22,0.5800,,0.100%,0.2010,0.2000,0.0700,0.0880,0.0610,,0.0500,0.0550,0.0720,0.0360,0.0480,0.0310,0.0210,0.0290,,,,,,,,,,,,,,0.0050,,,,0.0050,,,,,,,0.0280,,,,,,,,,,,,,,,,,,,,,,,,,,,,,,,,,,,,,,,,,,,,,,,,,,https://www.webnoviny.sk/smer-je-tesne-za-hlasom-sas-ma-v-prieskume-sedem-percent-a-olano-aj-sme-rodina-este-menej/
IPSOS,2022-11-22,2022-11-28,FALSE,National,,1023,,,,850,0.100%,0.1970,0.1560,0.0780,0.1040,0.0800,,0.0740,0.0700,0.0600,0.0260,0.0380,0.0340,0.0290,0.0160,0.0110,,,,,,,,,,0.0070,,,,,,,,,,,,,,,,,,,,,,,,,,,,,,,,,,,,,,,,,,,,,,,,,,,,,,,,,,,,,,,0.0190,https://www.teraz.sk/slovensko/volby-by-koncom-novembra-vyhral-hlas-sd/677478-clanok.html?utm_source=teraz&utm_medium=organic&utm_campaign=click&utm_content=.%253Bw%253BwIndex
AKO,2022-11-08,2022-11-11,FALSE,National,,1000,0.169,0.163,0.6680,,0.100%,0.1950,0.1600,0.1080,0.1150,0.0750,,0.0610,0.0690,0.0630,0.0420,0.0260,0.0190,0.0190,0.0150,0.0040,,,,,,,,,,0.0180,,,,,,,0.0070,,,,,,,0.0030,,,,,,,,,,,,,,,,,,,,,0.0010,,,,,,,,,,,,,,,,,,,,,,,,,,,,,https://ako.sk/wp-content/uploads/2022/11/ag.AKO_VOLEBNE_PREF_NOVEMBER_2022.pdf
FOCUS,2022-11-02,2022-11-08,FALSE,National,,1017,0.148,0.13,0.7220,,0.100%,0.1940,0.1560,0.0810,0.1020,0.0700,,0.0690,0.0660,0.0720,0.0380,0.0560,0.0200,0.0350,0.0150,0.0070,,,,0.0010,,,,,,0.0150,,,0.0010,,,,0.0020,,,,,,,,,,,,,,,,,,,,,,,,,,,,,,,,,,,,,,,,,,,,,,,,,,,,,,,,,https://www.focus-research.sk/wp-content/uploads/2022/11/Volebne-preferencie-politickych-stran_NOVEMBER-2022.pdf
MEDIAN SK,2022-10-25,2022-11-08,FALSE,National,,1011,,,0.5000,668,0.100%,0.1860,0.1420,0.0650,0.0980,0.0390,,0.0580,0.0580,0.1180,0.0310,0.0160,0.0240,0.0390,,0.0360,,,,,,,,,,,,,,,,,,,,,,,,,,,0.0330,,,,,,,,,,,,,,,,,,,,,,,,,,,,,,,,,,,,,,,,,,,,,,0.0560,https://www.median.sk/pdf/OSTATNE/Zaverecnasprava_RTVS_09112022_v12.pdf
IPSOS,2022-10-18,2022-10-21,FALSE,National,,1018,,,,,0.100%,0.2020,0.1480,0.0850,0.1090,0.0790,,0.0650,0.0750,0.0680,0.0300,0.0290,0.0280,0.0260,0.0110,0.0100,,,,,,,,,,0.0100,,,,,,,,,,,,,,,,,,,,,,,,,,,,,,,,,,,,,,,,,,,,,,,,,,,,,,,,,,,,,,,,https://napunk.dennikn.sk/hu/percrol-percre/3077925/
Polis,2022-10-16,2022-10-22,FALSE,National,,1013,0.16,0.33,0.5100,,0.100%,0.1850,0.1930,0.1060,0.0790,0.0710,,0.0460,0.0500,0.0710,0.0310,0.0470,0.0280,0.0480,0.0280,,,,,,,,,,,,,,,,,,,,,,,,,0.0180,,,,,,,0.0040,,,,,,,,,,,,,,,,,,,,,,,,,,,,,,,,,,,,,,,,,,,https://spravy.pravda.sk/domace/clanok/644964-polis-posiela-na-prve-miesto-fica-v-doveryhodnosti-vedie-pellegrini/?utm_source=pravda&utm_medium=hp-box&utm_campaign=shp_bleskove_spravy
AKO,2022-10-12,2022-10-19,FALSE,National,,1000,0.164,0.228,0.6080,,0.100%,0.1910,0.1610,0.1150,0.1120,0.0810,,0.0580,0.0770,0.0660,0.0410,0.0210,0.0160,0.0260,0.0050,0.0020,,,,,,,,,,0.0120,,,0.0020,,,,0.0080,0.0020,,,,,,0.0020,,,,,,,0.0020,,,,,,,,,,,,,,,,,,,,,,,,,,,,,,,,,,,,,,,,,,,https://ako.sk/wp-content/uploads/2022/10/ag.AKO_VOLEBNE_PREF_OKTOBER_2022.pdf
FOCUS,2022-09-21,2022-09-27,FALSE,National,,1009,0.15,0.205,0.6450,,0.100%,0.2030,0.1530,0.0820,0.0960,0.0720,,0.0620,0.0700,0.0780,0.0390,0.0460,0.0240,0.0290,0.0150,0.0070,,,,,,,,,,0.0170,,,0.0020,,,,0.0030,,,,,,,,,,,,,,,,,,,,,,,,,,,,,,,,,,,,,,,,,,,,,,,,,,,,,,,,,https://www.focus-research.sk/wp-content/uploads/2022/10/Volebne-preferencie-politickych-stran_september-2022.pdf
IPSOS,2022-09-14,2022-09-20,FALSE,National,,1003,,,0.6900,,0.100%,0.1830,0.1550,0.0930,0.1160,0.0780,,0.0650,0.0750,0.0700,0.0280,0.0210,0.0170,0.0270,0.0130,0.0190,,,,,,,,,,0.0170,,,,,,,,,,,,,,,,,,,,,,,,,,,,,,,,,,,,,,,,,,,,,,,,,,,,,,,,,,,,,,,0.0210,https://www.teraz.sk/slovensko/prieskum-volby-by-v-septembri-vyhral-h/662591-clanok.html?utm_source=teraz&utm_medium=organic&utm_campaign=click&utm_content=.%253Bsearch
AKO,2022-09-08,2022-09-14,FALSE,National,,1000,0.154,0.245,0.6010,,0.100%,0.1930,0.1500,0.1290,0.1000,0.0790,,0.0620,0.0760,0.0520,0.0420,0.0270,0.0230,0.0230,0.0100,,,,,,,,,,,0.0250,,,,,,,0.0020,,,,,,,0.0020,0.0030,,0.0020,,,,,,,,,,,,,,,,,,,,,,,,,,,,,,,,,,,,,,,,,,,,,,,
Polis,2022-08-28,2022-09-04,FALSE,National,,1003,0.08,0.42,0.5000,,0.100%,0.1700,0.1910,0.1560,0.0710,0.0610,,0.0510,0.0690,0.0710,0.0340,0.0450,,0.0340,0.0220,0.0020,,,,,,,,,,,,,,,,,,,,,,,,0.0230,,,,,,,,,,,,,,,,,,,,,,,,,,,,,,,,,,,,,,,,,,,,,,,,,,https://www.topky.sk/cl/10/2374923/EXKLUZIVNY-PRIESKUM-Volby-by-s-prehladom-vyhral-Smer--Slovaci-maju-jasno-vo-vinnikovi-krizy
AKO,2022-08-15,2022-08-19,FALSE,National,,1000,0.146,0.249,0.6050,,0.100%,0.1920,0.1490,0.1310,0.0990,0.0840,,0.0690,0.0660,0.0530,0.0410,0.0250,0.0210,0.0210,0.0120,0.0030,,,,,,,,,,0.0210,,,0.0030,,0.0020,,,0.0020,,,,,,,,0.0020,0.0020,0.0020,,,,,,,,,,,,,,,,,,,,,,,,,,,,,,,,,,,,,,,,,,,,,,
IPSOS,2022-07-29,2022-08-08,FALSE,National,,1038,,,0.6900,,0.100%,0.1720,0.1550,0.1220,0.1140,0.0780,,0.0630,0.0640,0.0730,0.0230,0.0210,0.0300,0.0230,,,,,,,,,,,,,,,,,,,,,,,,,,,,,,,,,,,,,,,,,,,,,,,,,,,,,,,,,,,,,,,,,,,,,,,,,,,0.0560,
AKO,2022-07-07,2022-07-14,FALSE,National,,1000,0.162,0.187,0.6510,,0.100%,0.2000,0.1460,0.1470,0.0980,0.0920,,0.0720,0.0600,0.0540,0.0410,0.0110,0.0220,0.0150,0.0150,0.0020,,,,,,,,,,0.0180,,,0.0030,,0.0020,,0.0020,,,,,,,,,,,,,,,,,,,,,,,,,,,,,,,,,,,,,,,,,,,,,,,,,,,,,,,,,
FOCUS,2022-06-20,2022-06-27,FALSE,National,,1005,0.152,0.144,0.7040,,0.100%,0.2050,0.1440,0.0960,0.0910,0.0710,,0.0670,0.0760,0.0680,0.0400,0.0410,0.0210,0.0330,0.0120,0.0100,,,,,,,,,,0.0180,,,0.0020,,0.0020,,,,,,,,,0.0010,0.0020,,,,,,,,,,,,,,,,,,,,,,,,,,,,,,,,,,,,,,,,,,,,,,,,,
AKO,2022-06-07,2022-06-10,FALSE,National,,1000,0.148,0.183,0.6690,,0.100%,0.2020,0.1480,0.1430,0.0990,0.0850,,0.0730,0.0570,0.0520,0.0420,0.0190,0.0220,0.0180,0.0180,,,,,,,,,,,0.0190,,,0.0010,,,,0.0010,0.0010,,,,,,,,,,,,,,,,,,,,,,,,,,,,,,,,,,,,,,,,,,,,,,,,,,,,,,,,
FOCUS,2022-05-25,2022-05-31,FALSE,National,,1008,0.158,0.18,0.6620,,0.100%,0.2030,0.1490,0.1110,0.0910,0.0810,,0.0650,0.0560,0.0680,0.0370,0.0370,0.0310,0.0280,0.0140,0.0110,,,,0.0010,,,,,,0.0110,,,,,,,,0.0010,,,,,,0.0020,,,,0.0010,0.0020,,,,,,,,,,,,,,,,,,,,,,,,,,,,,,,,,,,,,,,,,,,,,
Polis,2022-05-18,2022-05-23,FALSE,National,,1003,0.1,0.32,0.5800,,0.100%,0.1790,0.1790,0.1320,0.0570,0.0780,,0.0530,0.0720,0.0600,0.0310,0.0610,0.0100,0.0310,0.0280,0.0050,,,,0.0190,,,,,,,,,,,,,,,,,,,,0.0050,,,,,,,,,,,,,,,,,,,,,,,,,,,,,,,,,,,,,,,,,,,,,,,,,,https://www.topky.sk/cl/10/2318285/Najnovsi-prieskum-prinasa-sokujuci-zvrat--Smer-uz-dobehol-Pellegriniho--velke-zmeny-aj-pri-dalsich-stranach
AKO,2022-05-10,2022-05-16,FALSE,National,,1000,0.142,0.165,0.6930,,0.100%,0.1820,0.1350,0.1430,0.0970,0.1070,,0.0770,0.0610,0.0620,0.0400,0.0240,0.0210,0.0110,0.0150,,,,,,,,,,,0.0200,,,0.0010,,,,0.0010,0.0010,0.0010,,,,,0.0010,,,,,,,,,,,,,,,,,,,,,,,,,,,,,,,,,,,,,,,,,,,,,,,,,,
MEDIAN SK,2022-04-01,2022-04-30,TRUE,National,,,,,,,0.100%,0.1480,0.1700,0.1210,0.1120,0.0940,,0.0480,0.0640,0.0560,,0.0290,0.0080,0.0250,,,,,,,,,,,,,,,,,,,,,,,,,,,,,,,,,,,,,,,,,,,,,,,,,,,,,,,,,,,,,,,,,,,,,,,,,,,,https://www.median.sk/pdf/OSTATNE/Zaverecnasprava_RTVS_09112022_v12.pdf
Polis,2022-04-13,2022-04-20,FALSE,National,,1108,,,,,0.100%,0.1900,0.1670,0.1020,0.0620,0.0810,,0.0650,0.0820,0.0490,0.0210,0.0640,0.0230,0.0400,0.0200,0.0060,,,,0.0160,,,,,,,,,0.0010,,,,,,,,,,,0.0110,,,,,,,,,,,,,,,,,,,,,,,,,,,,,,,,,,,,,,,,,,,,,,,,,,https://www.topky.sk/cl/10/2299873/Najnovsi-PRIESKUM-je-tvrdou-ranou-koalicii--Hlas-a-Smer-deli-od-vlady-len-malo--Extremisti-dostali-stopku
AKO,2022-04-05,2022-04-11,FALSE,National,,1000,0.131,0.206,0.6630,,0.100%,0.1890,0.1450,0.1400,0.0870,0.0890,,0.0650,0.0660,0.0620,0.0390,0.0260,0.0200,0.0300,0.0090,0.0060,,,,,,,,,,0.0210,,,,,0.0020,,,0.0020,,,,,,,,0.0020,,,,,,,,,,,,,,,,,,,,,,,,,,,,,,,,,,,,,,,,,,,,,,,,
FOCUS,2022-03-30,2022-04-06,FALSE,National,,1007,0.144,0.165,0.6910,,0.100%,0.1900,0.1510,0.1030,0.0730,0.0810,,0.0630,0.0750,0.0690,0.0360,0.0440,0.0250,0.0450,0.0190,0.0070,,,,,,,,,,0.0160,,,0.0010,,,,,,,,,,,0.0010,,,,0.0010,,,,,,,,,,,,,,,,,,,,,,,,,,,,,,,,,,,,,,,,,,,,,,
AKO,2022-03-08,2022-03-11,FALSE,National,,1000,0.142,0.196,0.6620,,0.100%,0.1800,0.1400,0.1470,0.0890,0.0940,,0.0740,0.0620,0.0570,0.0390,0.0300,0.0260,0.0180,0.0090,0.0050,,,,0.0030,,,,,,0.0230,,,,,,,,0.0020,,,,,,0.0020,,,,,,,,,,,,,,,,,,,,,,,,,,,,,,,,,,,,,,,,,,,,,,,,,,
MEDIAN SK,2022-03-01,2022-03-03,FALSE,National,,1001,,,0.7100,797,0.100%,0.1410,0.1410,0.1320,0.1100,0.1070,,0.0680,0.0670,0.0700,0.0110,0.0290,0.0280,0.0260,0.0200,0.0140,,,,,,,,,,,,,,,,,,,,,,,,,,,,,,,,,,,,,,,,,,,,,,,,,,,,,,,,,,,,,,,,,,,,,,,,,0.0360,https://www.median.sk/pdf/OSTATNE/4522524_KonfliktnaUkrajine_v13.pdf
FOCUS,2022-02-22,2022-03-01,FALSE,National,,1003,0.169,0.179,0.6520,,0.100%,0.1850,0.1560,0.1200,0.0810,0.0780,,0.0600,0.0630,0.0700,0.0380,0.0460,0.0270,0.0380,0.0110,0.0080,,,,0.0040,,,,,,0.0120,,,,,,,,0.0020,,,,,,,0.0010,,,,,,,,,,,,,,,,,,,,,,,,,,,,,,,,,,,,,,,,,,,,,,,,,
MEDIAN SK,2022-02-09,2022-02-20,FALSE,National,,1012,,,0.7000,807,0.100%,0.1700,0.1610,0.1250,0.0950,0.0740,,0.0620,0.0600,0.0520,0.0250,0.0420,0.0340,0.0200,0.0170,0.0170,,,,,,,,,,,,,,,,,,,,,,,,,,,,,,,,,,,,,,,,,,,,,,,,,,,,,,,,,,,,,,,,,,,,,,,,,0.0460,
AKO,2022-02-08,2022-02-14,FALSE,National,,1000,0.164,0.195,0.6410,,0.100%,0.1750,0.1450,0.1420,0.0870,0.0800,,0.0720,0.0690,0.0690,0.0380,0.0410,0.0230,0.0250,0.0120,0.0120,,,,,,,,,,0.0030,,,0.0030,,,,,,0.0020,,,,,0.0020,,,,,,,,,,,,,,,,,,,,,,,,,,,,,,,,,,,,,,,,,,,,,,,,,,
MEDIAN SK,2022-01-27,2022-02-01,FALSE,National,,1006,,,0.7200,718,0.100%,0.1350,0.1560,0.1350,0.1060,0.0950,,0.0500,0.0570,0.0560,0.0310,0.0340,0.0250,0.0410,0.0160,0.0160,,,,,,,,,,,,,,,,,,,,,,,,,,,,,,,,,,,,,,,,,,,,,,,,,,,,,,,,,,,,,,,,,,,,,,,,,0.0470,
FOCUS,2022-01-19,2022-01-26,FALSE,National,,1017,0.155,0.163,0.6820,,0.100%,0.1780,0.1630,0.1110,0.0830,0.0800,,0.0580,0.0610,0.0780,0.0390,0.0440,0.0300,0.0430,0.0100,0.0070,,,,0.0040,,,,,,0.0070,,,,,,,,0.0020,,,,,,,0.0020,,,,,,,,,,,,,,,,,,,,,,,,,,,,,,,,,,,,,,,,,,,,,,,,,
AKO,2022-01-10,2022-01-17,FALSE,National,,1000,0.169,0.185,0.6460,,0.100%,0.1800,0.1380,0.1420,0.0850,0.0930,,0.0600,0.0650,0.0620,0.0360,0.0400,0.0220,0.0290,0.0200,0.0080,,,,0.0030,,,,,,0.0050,,,0.0050,,,,0.0020,0.0030,,,,,,0.0020,,,,,,,,,,,,,,,,,,,,,,,,,,,,,,,,,,,,,,,,,,,,,,,,,,
Polis,2021-12-17,2021-12-22,FALSE,National,,1111,0.19,0.23,0.5800,,0.100%,0.1990,0.1680,0.0880,0.0600,0.0610,,0.0590,0.0610,0.0580,0.0380,0.0550,0.0360,0.0520,0.0320,0.0040,,,,0.0230,,,,,,,,,0.0060,,,,,,,,,,,,,,,,,,,,,,,,,,,,,,,,,,,,,,,,,,,,,,,,,,,,,,,,,,,,,https://www.topky.sk/cl/10/2235501/EXKLUZIVNY-PRIESKUM-Koalicia-uplne-pohorela--Medzi-volicmi-kraluje-Pellegriniho-Hlas-a-Ficov-Smer
AKO,2021-12-07,2021-12-13,FALSE,National,,1000,0.158,0.164,0.6780,,0.100%,0.1900,0.1370,0.1390,0.0860,0.0900,,0.0600,0.0650,0.0590,0.0360,0.0370,0.0240,0.0340,0.0220,0.0070,,,,,,,,,,0.0030,,,0.0040,,0.0040,,,0.0030,,,,,,,,,,,,,,,,,,,,,,,,,,,,,,,,,,,,,,,,,,,,,,,,,,,,,,,,
FOCUS,2021-11-16,2021-11-23,FALSE,National,,1005,0.185,0.147,0.6680,,0.100%,0.1920,0.1500,0.1150,0.0770,0.0790,,0.0610,0.0610,0.0680,0.0360,0.0440,0.0210,0.0480,0.0210,0.0100,,,,0.0040,,,,,,0.0080,,,,,0.0030,,,0.0020,,,,,,,,,,,,,,,,,,,,,,,,,,,,,,,,,,,,,,,,,,,,,,,,,,,,,,,,
AKO,2021-11-08,2021-11-16,FALSE,National,,1000,0.141,0.167,0.6920,,0.100%,0.1850,0.1300,0.1360,0.0870,0.0970,,0.0540,0.0680,0.0560,0.0360,0.0420,0.0220,0.0350,0.0230,0.0090,,,,,,,,,,0.0100,,,,,0.0010,,,0.0040,0.0010,,,,,0.0030,,,0.0010,,,,,,,,,,,,,,,,,,,,,,,,,,,,,,,,,,,,,,,,,,,,,,,
FOCUS,2021-10-20,2021-10-27,FALSE,National,,1009,0.176,0.155,0.6690,,0.100%,0.1930,0.1550,0.1220,0.0690,0.0840,,0.0610,0.0630,0.0550,0.0330,0.0520,0.0280,0.0380,0.0220,0.0110,,,,0.0020,,,,,,0.0090,,,0.0010,,,,,0.0020,,,,,,,,,,,,,,,,,,,,,,,,,,,,,,,,,,,,,,,,,,,,,,,,,,,,,,,,
Actly,2021-10-17,2021-10-20,FALSE,National,,1006,,,0.6300,,0.100%,0.2100,0.1770,0.1050,0.0590,0.0680,,0.0590,0.0940,0.0510,0.0310,0.0390,0.0280,0.0240,0.0200,0.0100,,,,,,,,,,,,,,,,,,,,,,,,0.0100,,,,,,,,,,,,,,,,,,,,,,,,,,,,,,,,,,,,,,,,,,,,,,,,,0.0150,
AKO,2021-10-04,2021-10-07,FALSE,National,,1000,0.164,0.176,0.6600,,0.100%,0.1820,0.1380,0.1450,0.0860,0.0920,,0.0590,0.0740,0.0500,0.0360,0.0450,0.0210,0.0230,0.0180,0.0120,,,,,,,,,,0.0050,,,0.0050,,,,,0.0050,,,,,,,,,0.0020,0.0020,,,,,,,,,,,,,,,,,,,,,,,,,,,,,,,,,,,,,,,,,,,,,,
AKO,2021-09-06,2021-09-13,FALSE,National,,1000,0.192,0.174,0.6340,,0.100%,0.1880,0.1390,0.1450,0.0870,0.0990,,0.0660,0.0680,0.0520,0.0350,0.0380,0.0170,0.0270,0.0090,0.0080,,,,,,,,,,0.0110,,,0.0010,,0.0010,,,,0.0020,,,,,0.0050,,,,,,0.0020,,,,,,,,,,,,,,,,,,,,,,,,,,,,,,,,,,,,,,,,,,,,
FOCUS,2021-09-01,2021-09-07,FALSE,National,,1002,0.207,0.168,0.6250,,0.100%,0.1850,0.1440,0.1170,0.0700,0.0820,,0.0610,0.0670,0.0680,0.0360,0.0550,0.0220,0.0460,0.0210,0.0110,,,,0.0050,,,,,,0.0070,,,0.0010,,,,,0.0020,,,,,,,,,,,,,,,,,,,,,,,,,,,,,,,,,,,,,,,,,,,,,,,,,,,,,,,,
MEDIAN SK,2021-08-31,2021-09-06,FALSE,National,,1018,,,0.6900,773,0.100%,0.1630,0.1270,0.1230,0.0860,0.1000,,0.0480,0.0720,0.0540,0.0160,0.0480,0.0390,0.0330,0.0150,0.0150,,,,,,,,,,,,,,,,,,0.0150,,,,,,,,,,,,,,,,,,,,,,,,,,,,,,,,,,,,,,,,,,,,,,,,,,,,,,,0.0460,
AKO,2021-08-10,2021-08-15,FALSE,National,,1000,0.162,0.173,0.6650,,0.100%,0.1950,0.1130,0.1470,0.0890,0.0980,,0.0630,0.0660,0.0450,0.0350,0.0330,0.0300,0.0390,0.0150,0.0120,,,,,,,,,,0.0050,,,0.0050,,0.0020,,,0.0030,,,,,,0.0020,,,0.0010,,,,0.0020,,,,,,,,,,,,,,,,,,,,,,,,,,,,,,,,,,,,,,,,,,,
Actly,2021-07-31,2021-08-04,FALSE,National,,1002,,,0.6000,,0.100%,0.2110,0.1530,0.1140,0.0540,0.0810,,0.0610,0.0710,0.0680,0.0340,0.0290,0.0330,0.0290,0.0130,0.0210,,,,,,,,,,,,,,,,,,,,,,,,,,,,,,,,,,,,,,,,,,,,,,,,,,,,,,,,,,,,,,,,,,,,,,,,,0.0280,
AKO,2021-07-06,2021-07-12,FALSE,National,,1000,0.16,0.158,0.6820,,0.100%,0.2080,0.1090,0.1380,0.0840,0.0880,,0.0620,0.0780,0.0380,0.0340,0.0430,0.0310,0.0350,0.0190,0.0190,,,,,,,,,,0.0070,,,0.0010,,0.0010,,,0.0030,,,,,,0.0010,,,,,,,,0.0010,,,,,,,,,,,,,,,,,,,,,,,,,,,,,,,,,,,,,,,,,,
AKO,2021-06-07,2021-06-11,FALSE,National,,1000,0.154,0.205,0.6410,,0.100%,0.2100,0.1060,0.1390,0.0830,0.0900,,0.0530,0.0780,0.0280,0.0310,0.0520,0.0360,0.0300,0.0250,0.0160,,,,,,,,,,0.0140,,,0.0030,,,,,0.0030,0.0020,,,,,,,,0.0010,,,,,,,,,,,,,,,,,,,,,,,,,,,,,,,,,,,,,,,,,,,,,,,
FOCUS,2021-06-02,2021-06-09,FALSE,National,,1011,0.177,0.146,0.6770,,0.100%,0.2160,0.1200,0.1280,0.0630,0.0820,,0.0580,0.0760,0.0460,0.0320,0.0570,0.0340,0.0480,0.0130,0.0150,,,,,,,,,,0.0050,,,0.0020,,,,,0.0020,0.0010,,,,,,,,,,,,,,0.0020,,,,,,,,,,,,,,,,,,,,,,,,,,,,,,,,,,,,,,,,,
Actly,2021-06-04,2021-06-07,FALSE,National,,1000,,,0.6000,,0.100%,0.2250,0.1480,0.1160,0.0750,0.0830,,0.0630,0.0550,0.0540,0.0350,0.0370,0.0340,0.0300,0.0240,0.0090,,,,,,,,,,,,,,,,,,,,,,,,0.0040,,,,,,,,,,,,,,,,,,,,,,,,,,,,,,,,,,,,,,,,,,,,,,,,,0.0080,
MEDIAN SK,2021-05-11,2021-05-19,FALSE,National,,1000,,,0.6700,743,0.100%,0.1780,0.0970,0.1290,0.0780,0.0870,,0.0450,0.0770,0.0490,0.0280,0.0420,0.0530,0.0270,0.0220,0.0210,,,,0.0180,,,,,,,,,,,,,,,,,,,,,,,,,,,,,,,,,,,,,,,,,,,,,,,,,,,,,,,,,,,,,,,,,,,,,0.0490,
FOCUS,2021-05-11,2021-05-19,FALSE,National,,1008,0.195,0.171,0.6340,,0.100%,0.2240,0.1180,0.1230,0.0610,0.0880,,0.0570,0.0720,0.0450,0.0340,0.0480,0.0350,0.0490,0.0140,0.0130,,,,0.0040,,,,,,0.0090,,,0.0020,,,,,0.0040,,,,,,,,,,,,,,,,,,,,,,,,,,,,,,,,,,,,,,,,,,,,,,,,,,,,,,,,
AKO,2021-05-13,2021-05-17,FALSE,National,,1000,0.2,0.176,0.6240,,0.100%,0.2250,0.0960,0.1380,0.0850,0.0990,,0.0500,0.0740,0.0350,0.0160,0.0530,0.0400,0.0210,0.0300,0.0160,,,,,,,,,,0.0060,,,0.0060,,0.0030,,,0.0040,,,,,,,,,,0.0030,,,,,,,,,,,,,,,,,,,,,,,,,,,,,,,,,,,,,,,,,,,,,,
Polis,2021-04-24,2021-04-28,FALSE,National,,1091,0.12,0.26,0.6200,,0.100%,0.2440,0.1080,0.1150,0.0510,0.1180,,0.0450,0.0760,0.0330,0.0280,0.0580,0.0470,0.0300,0.0320,0.0150,,,,,,,,,,,,,,,,,,,,,,,,,,,,,,,,,,,,,,,,,,,,,,,,,,,,,,,,,,,,,,,,,,,,,,,,,,https://www.topky.sk/cl/10/2106393/Na-svete-je-novy-PRIESKUM--Uhrikovci-aj-kotlebovci-by-skoncili-pred-branami-parlamentu--lider-je-jasny
MEDIAN SK,2021-04-23,2021-04-27,FALSE,National,,1013,,,0.7200,790,0.100%,0.2350,0.0840,0.1290,0.0890,0.0980,,0.0420,0.0640,0.0490,0.0160,0.0420,0.0430,0.0310,0.0170,0.0170,,,,,,,,,,,,,0.0170,,,,,,,,,,,,,,,,,,,,,,,,,,,,,,,,,,,,,,,,,,,,,,,,,,,,,,,,,,,,0.0270,
AKO,2021-04-12,2021-04-17,FALSE,National,,1000,0.204,0.218,0.5780,,0.100%,0.2390,0.0920,0.1380,0.0830,0.1000,,0.0450,0.0740,0.0310,0.0330,0.0420,0.0430,0.0290,0.0310,0.0090,,,,,,,,,,0.0050,,,0.0020,,,,,0.0020,,,,,,,,,,,,,,,,0.0020,,,,,,,,,,,,,,,,,,,,,,,,,,,,,,,,,,,,,,,,
FOCUS,2021-03-31,2021-04-07,FALSE,National,,1001,0.159,0.135,0.7060,,0.100%,0.2230,0.1090,0.1120,0.0620,0.0920,,0.0570,0.0740,0.0470,0.0340,0.0500,0.0480,0.0430,0.0180,0.0080,,,,0.0160,,,,,,0.0050,,,,,,,,0.0010,0.0010,,,,,,,,,,,,,,,,,,,,,,,,,,,,,,,,,,,,,,,,,,,,,,,,,,,,,,,
Actly,2021-03-27,2021-03-31,FALSE,National,,1000,,,0.6300,,0.100%,0.2270,0.1050,0.1030,0.0740,0.0960,,0.0560,0.0950,0.0490,0.0310,0.0410,0.0370,0.0290,0.0210,0.0100,,,,0.0070,,,,,,,,,0.0030,,,,,,,,,,,,,,,,,,,,,,,,,,,,,,,,,,,,,,,,,,,,,,,,,,,,,,,,,,,,0.0160,
MEDIAN SK,2021-03-12,2021-03-18,FALSE,National,,1003,,,0.6800,766,0.100%,0.2140,0.0860,0.1030,0.0930,0.1130,,0.0430,0.0500,0.0370,0.0210,,0.0470,0.0400,0.0150,0.0150,,0.0100,,0.0210,0.0370,,,,,,,,,,,,,,,,,,,,,,,,,,,,,,,,,,,,,,,,,,,,,,,,,,,,,,,,,,,,,,,,,,,,0.0550,
Polis,2021-03-13,2021-03-14,FALSE,National,,1013,0.1,0.3,0.6000,,0.100%,0.2370,0.0820,0.1310,0.0530,0.1380,,0.0420,0.0530,,0.0220,,0.0510,0.0610,0.0350,0.0100,,0.0130,,0.0210,0.0510,,,,,,,,,,,,,,,,,,,,,,,,,,,,,,,,,,,,,,,,,,,,,,,,,,,,,,,,,,,,,,,,,,,,,https://www.webnoviny.sk/volby-by-vyhral-hlas-sd-kollarovci-a-dalsie-tri-strany-su-tesne-nad-piatimi-percentami/
AKO,2021-03-08,2021-03-12,FALSE,National,,1000,0.209,0.181,0.6100,,0.100%,0.2490,0.0870,0.1430,0.0800,0.1310,,0.0520,0.0590,0.0030,0.0300,,0.0430,0.0430,0.0280,0.0030,,0.0080,,0.0230,0.0110,,,,,0.0020,0.0020,,0.0020,,,,,0.0010,,,,,,,,,,,,,,,,,,,,,,,,,,,,,,,,,,,,,,,,,,,,,,,,,,,,,,,,
Polis,2021-03-08,2021-03-10,FALSE,National,,1003,0.1,0.29,0.6100,,0.100%,0.2380,0.0820,0.1310,0.0580,0.1360,,0.0410,0.0600,,0.0250,,0.0510,0.0630,0.0360,0.0040,,0.0100,,0.0080,0.0570,,,,,,,,,,,,,,,,,,,,,,,,,,,,,,,,,,,,,,,,,,,,,,,,,,,,,,,,,,,,,,,,,,,,,https://www.noviny.sk/politika/593397-prieskum-polis-pre-tv-joj-volby-by-vyhral-hlas-za-ludi-by-sa-ledva-dostali-do-parlamentu
FOCUS,2021-02-17,2021-02-24,FALSE,National,,1018,0.147,0.141,0.7120,,0.100%,0.2300,0.0920,0.1290,0.0670,0.1040,,0.0490,0.0520,0.0070,0.0280,,0.0520,0.0660,0.0190,0.0040,,0.0210,,0.0280,0.0350,,,,,,0.0130,,0.0020,,0.0020,,,,,,,,,,,,,,,,,,,,,,,,,,,,,,,,,,,,,,,,,,,,,,,,,,,,,,,,,,,
Actly,2021-02-09,2021-02-11,FALSE,National,,1000,,,0.6000,,0.100%,0.2420,0.0950,0.1100,0.0680,0.1180,,0.0430,0.0660,0.0350,0.0290,,0.0630,0.0430,0.0140,0.0060,,0.0110,,0.0270,0.0290,,,,,,,,,,,,,,,,,,,,,,,,,,,,,,,,,,,,,,,,,,,,,,,,,,,,,,,,,,,,,,,,,,,,,https://www.topky.sk/cl/10/2058821/EXKLUZIVNY-PRIESKUM--OLaNO-a-SaS-stracaju-volicov--kotlebovci-su-mimo
AKO,2021-02-08,2021-02-11,FALSE,National,,1000,0.195,0.196,0.6090,,0.100%,0.2500,0.0850,0.1510,0.0720,0.1380,,0.0490,0.0510,,0.0230,,0.0540,0.0380,0.0160,0.0070,,0.0080,,0.0180,0.0200,,,,,0.0070,0.0080,,0.0030,,0.0020,,,,,,,,,,,,,,,,,,,,,,,,,,,,,,,,,,,,,,,,,,,,,,,,,,,,,,,,,,,
Polis,2021-01-31,2021-02-08,FALSE,National,,1131,0.1,0.27,0.6300,,0.100%,0.2140,0.0890,0.1250,0.0620,0.1220,,0.0450,0.0520,,0.0200,,0.0550,0.0700,0.0360,0.0120,,0.0110,,0.0220,0.0550,,,,,,,,0.0100,,,,,,,,,,,,,,,,,,,,,,,,,,,,,,,,,,,,,,,,,,,,,,,,,,,,,,,,,,,,,https://www.webnoviny.sk/kollarovci-a-za-ludi-su-na-hranici-zvolitelnosti-olano-ma-takmer-rovnaku-podporu-ako-sas/
Polis,2021-01-16,2021-01-20,FALSE,National,,1098,0.1,0.28,0.6200,,0.100%,0.2170,0.0850,0.1550,0.0460,0.1410,,0.0390,0.0520,,0.0100,,0.0510,0.0860,0.0310,0.0050,,0.0050,,0.0210,0.0560,,,,,,,,,,,,,,,,,,,,,,,,,,,,,,,,,,,,,,,,,,,,,,,,,,,,,,,,,,,,,,,,,,,,,
FOCUS,2021-01-12,2021-01-19,FALSE,National,,1005,0.174,0.143,0.6830,,0.100%,0.2430,0.0910,0.1330,0.0520,0.1010,,0.0440,0.0510,,0.0280,,0.0420,0.0970,0.0210,0.0100,,0.0200,,0.0240,0.0330,,,,,,0.0060,,,,,0.0010,,0.0020,,,,,,,,,,,,0.0010,,,,,,,,,,,,,,,,,,,,,,,,,,,,,,,,,,,,,,,,,,,,
MEDIAN SK,2021-01-07,2021-01-13,FALSE,National,,1001,,,0.6700,731,0.100%,0.2170,0.0820,0.1180,0.0650,0.1490,,0.0370,0.0560,,0.0140,,0.0440,0.0920,0.0260,0.0120,,0.0070,,0.0240,0.0310,,,,,,,,0.0120,,,,,,,,,,,,,,,,,,,,,,,,,,,,,,,,,,,,,,,,,,,,,,,,,,,,,,,,,,,,0.0140,
Polis,2020-12-19,2020-12-22,FALSE,National,,1088,0.1,0.34,0.5600,,0.100%,0.2290,0.0780,0.1550,0.0600,0.1340,,0.0490,0.0610,,0.0110,,0.0390,0.0800,0.0230,,,0.0050,,0.0230,0.0530,,,,,,,,,,,,,,,,,,,,,,,,,,,,,,,,,,,,,,,,,,,,,,,,,,,,,,,,,,,,,,,,,,,,,https://spravy.pravda.sk/domace/clanok/573068-volby-by-v-decembri-vyhral-hlas-s-vyraznym-naskokom/
AKO,2020-12-17,2020-12-19,FALSE,National,,1000,0.176,0.189,0.6350,,0.100%,0.2280,0.0900,0.1620,0.0650,0.1420,,0.0470,0.0570,,0.0160,,0.0470,0.0570,0.0140,0.0050,,0.0090,,0.0250,0.0130,,,,,0.0050,0.0130,,0.0020,,0.0030,,,,,,,,,,,,,,,,,,,,,,,,,,,,,,,,,,,,,,,,,,,,,,,,,,,,,,,,,,,
FOCUS,2020-12-08,2020-12-14,FALSE,National,,1000,0.168,0.156,0.6760,,0.100%,0.2090,0.0980,0.1580,0.0600,0.1100,,0.0490,0.0540,,0.0270,,0.0440,0.0820,0.0210,0.0040,,0.0200,,0.0210,0.0330,,,,,,0.0080,,0.0020,,,,,,,,,,,,,,,,,,,,,,,,,,,,,,,,,,,,,,,,,,,,,,,,,,,,,,,,,,,,,
Actly,2020-12-06,2020-12-11,FALSE,National,,1002,,,,,0.100%,0.2200,0.1030,0.1340,0.0560,0.1400,,0.0540,0.0500,,0.0290,,0.0420,0.0610,0.0230,0.0060,,0.0100,,0.0260,0.0340,,,,,,,,,,,,,,,,,,,,,,,,,,,,,,,,,,,,,,,,,,,,,,,,,,,,,,,,,,,,,,,,,,,,0.0120,
Polis,2020-11-20,2020-11-25,FALSE,National,,1021,0.1,0.28,0.6200,,0.100%,0.2130,0.0790,0.1420,0.0550,0.1580,,0.0400,0.0530,,0.0210,,0.0380,0.0810,0.0270,0.0130,,0.0060,,0.0220,0.0520,,,,,,,,,,,,,,,,,,,,,,,,,,,,,,,,,,,,,,,,,,,,,,,,,,,,,,,,,,,,,,,,,,,,,https://www.noviny.sk/politika/571145-prieskum-polis-pre-tv-joj-volby-by-vyhral-hlas-preferencie-matovicovcov-klesaju-sulikovcov-rastu
FOCUS,2020-11-18,2020-11-25,FALSE,National,,1004,0.182,0.12,0.6980,,0.100%,0.1910,0.0950,0.1210,0.0590,0.1400,,0.0510,0.0610,,0.0220,,0.0410,0.0960,0.0280,0.0100,,0.0210,,0.0240,0.0330,,,,,,0.0050,,0.0020,,,,,,,,,,,,,,,,,,,,,,,,,,,,,,,,,,,,,,,,,,,,,,,,,,,,,,,,,,,,,
MEDIAN SK,2020-11-06,2020-11-11,FALSE,National,,1018,,,0.7300,803,0.100%,0.2030,0.0630,0.1250,0.0730,0.1660,,0.0440,0.0580,,0.0240,,0.0410,0.0690,0.0230,0.0150,,0.0160,,0.0150,0.0320,,,,,,,,0.0100,,,,,,,,,,,,,,,,,,,,,,,,,,,,,,,,,,,,,,,,,,,,,,,,,,,,,,,,,,,,0.0230,
Actly,2020-10-21,2020-10-26,FALSE,National,,1000,,,0.8700,,0.100%,0.2650,0.1080,0.1120,0.0550,0.1470,,0.0480,0.0680,,0.0290,,0.0290,0.0620,0.0200,0.0110,,0.0060,,0.0060,0.0160,,,,,,,,0.0040,,,,,,,,,,,,,,,,,,,,,,,,,,,,,,,,,,,,,,,,,,,,,,,,,,,,,,,,,,,,0.0140,
Polis,2020-10-15,2020-10-23,FALSE,National,,1047,0.08,0.32,0.6000,,0.100%,0.2210,0.0820,0.1310,0.0540,0.1710,,0.0410,0.0720,,0.0110,,0.0390,0.0800,0.0250,,,0.0090,,0.0110,0.0530,,,,,,,,,,,,,,,,,,,,,,,,,,,,,,,,,,,,,,,,,,,,,,,,,,,,,,,,,,,,,,,,,,,,,https://www.webnoviny.sk/matovicovo-olano-straca-na-hlas-sd-pat-percent-do-parlamentu-by-isli-aj-progresivci-a-smk/
FOCUS,2020-10-07,2020-10-15,FALSE,National,,1014,0.16,0.132,0.7080,,0.100%,0.1870,0.1050,0.1070,0.0540,0.1510,,0.0520,0.0730,,0.0210,,0.0480,0.0980,0.0210,0.0030,,0.0240,,0.0160,0.0320,,,,,,0.0040,,,,,,,0.0030,,,,,,,,,,,,,,,,,,,0.0010,,,,,,,,,,,,,,,,,,,,,,,,,,,,,,,,,,,,,
Polis,2020-10-07,2020-10-12,FALSE,National,,1202,0.09,0.3,0.6100,,0.100%,0.2080,0.0720,0.1200,0.0530,0.1870,,0.0410,0.0820,,,,0.0410,0.0920,0.0320,,,0.0100,,0.0100,0.0520,,,,,,,,,,,,,,,,,,,,,,,,,,,,,,,,,,,,,,,,,,,,,,,,,,,,,,,,,,,,,,,,,,,,,https://www.noviny.sk/politika/561840-prieskum-polis-pre-tv-joj-preferencie-olano-klesaju-volby-by-vyhral-hlas-sd
AKO,2020-10-01,2020-10-09,FALSE,National,,1000,,,,,0.100%,0.1880,0.0830,0.1340,0.0620,0.1530,,0.0300,0.0880,,0.0240,,0.0420,0.0850,0.0280,0.0180,,0.0190,,0.0100,0.0240,,,,,0.0030,0.0020,,0.0040,,,,,,0.0010,,,,,,,,,,,,,,,,,,,,,,,,,,,,,,,,,,,,,,,,,,,,,,,,,,,,,,,
MEDIAN SK,2020-09-14,2020-09-18,FALSE,National,,1007,,,0.6800,773,0.100%,0.1690,0.0910,0.1190,0.0660,0.1700,,0.0420,0.0870,,0.0250,,0.0340,0.0880,0.0180,0.0130,,,,0.0250,0.0230,,,,,,,,0.0120,,,,,,,,,,,,,,,,,,,,,,,,,,,,,,,,,,,,,,,,,,,,,,,,,,,,,,,,,,,,0.0180,
Polis,2020-09-04,2020-09-09,FALSE,National,,1217,0.12,0.3,0.5800,,0.100%,0.1600,0.0880,0.1160,0.0480,0.2070,,0.0490,0.0700,,0.0140,,0.0390,0.0850,0.0280,,,0.0250,,0.0130,0.0550,,,,,,,,,,,,,,,,,,,,,,0.0030,,,,,,,,,,,,,,,,,,,,,,,,,,,,,,,,,,,,,,,,,,,,,,,https://www.noviny.sk/politika/554288-prieskum-polis-pre-tv-joj-matovicovci-by-vyhrali-volby-ale-klesa-dycha-im-na-krk-pellegriniho-hlas
FOCUS,2020-08-26,2020-09-02,FALSE,National,,1022,0.183,0.132,0.6850,,0.100%,0.1620,0.1090,0.0990,0.0590,0.1840,,0.0450,0.0910,,0.0300,,0.0390,0.0850,0.0190,0.0060,,0.0170,,0.0130,0.0310,,,,,,0.0070,,0.0010,,,,,0.0030,,,,,,,,,,,,,,,,,,,,,,,,,,,,,,,,,,,,,,,,,,,,,,,,,,,,,,,,https://www.facebook.com/focusresearch/photos/a.834255723353243/2937792789666182/?type=3
Actly,2020-08-21,2020-08-26,FALSE,National,,1000,,,0.6100,,0.100%,0.1700,0.1090,0.0940,0.0510,0.1810,,0.0410,0.1010,,0.0310,,0.0370,0.0890,0.0250,,,,,0.0270,,,,,,,,,,,,,,,,,,,,,,,,,,,,,,,,,,,,,,,,,,,,,,,,,,,,,,,,,,,,,,,,,,,,,0.0440,
Polis,2020-07-22,2020-07-27,FALSE,National,,1033,0.12,0.25,0.6300,,0.100%,0.1550,0.0880,0.0920,0.0680,0.2190,,0.0390,0.0820,,0.0380,,0.0460,0.0800,0.0130,,,0.0110,,0.0090,,,,,0.0550,,,,,,,,,,0.0050,,,,,,,,,,,,,,,,,,,,,,,,,,,,,,,,,,,,,,,,,,,,,,,,,,,,,,,https://www.noviny.sk/politika/545234-prieskum-polis-pre-tv-joj-kauza-diplomovky-minimalne-ovplyvnila-preferencie-matovicovho-olano
AKO,2020-07-07,2020-07-17,FALSE,National,,1000,0.145,0.202,0.6530,,0.100%,0.1670,0.1070,0.0940,0.0520,0.2350,,0.0300,0.0640,,0.0140,,0.0400,0.0790,0.0260,0.0220,,0.0100,,0.0270,0.0250,,,,,,,,0.0040,,,,,,0.0020,,,,,,,,,,,,0.0020,,,,,,,,,,,,,,,,,,,,,,,,,,,,,,,,,,,,,,,,,,,
FOCUS,2020-06-17,2020-06-24,FALSE,National,w/HLAS,1009,0.154,0.153,0.6930,,0.100%,0.1930,0.0950,0.0880,0.0590,0.2030,,0.0400,0.0960,,0.0130,,0.0350,0.0830,0.0080,0.0080,,0.0140,,0.0200,0.0340,,,,,0.0030,0.0050,,,,,,,0.0030,,,,,,,,,,,,,,,,,,,,,,,,,,,,,,,,,,,,,,,,,,,,,,,,,,,,,,,,
FOCUS,2020-06-17,2020-06-24,FALSE,National,,1009,0.158,0.171,0.6720,,0.100%,,0.1900,0.0920,0.0620,0.2120,,0.0460,0.1280,,0.0210,,0.0360,0.0960,0.0240,0.0080,,0.0150,,0.0220,0.0370,,,,,0.0030,0.0050,,,,,,,0.0030,,,,,,,,,,,,,,,,,,,,,,,,,,,,,,,,,,,,,,,,,,,,,,,,,,,,,,,,
Polis,2020-06-05,2020-06-10,FALSE,National,,1047,0.09,0.26,0.6800,,0.100%,,0.1880,0.0890,0.0680,0.2440,,0.0340,0.0890,,0.0320,,0.0480,0.0900,0.0360,,,0.0270,,,,,,,0.0450,,,,,,,,,,0.0100,,,,,,,,,,,,,,,,,,,,,,,,,,,,,,,,,,,,,,,,,,,,,,,,,,,,,,,https://www.noviny.sk/politika/535366-prieskum-tv-joj-volby-by-vyhralo-olano-pellegrini-ma-istych-devat-percent
Polis,2020-05-23,2020-05-27,FALSE,National,,1074,0.11,0.25,0.6400,,0.100%,,0.2110,0.1070,0.0680,0.2470,,0.0490,0.0850,,0.0140,,0.0370,0.0740,0.0250,,,0.0250,,0.0130,,,,,0.0420,,,,0.0030,,,,,,,,,,,,,,,,,,,,,,,,,,,,,,,,,,,,,,,,,,,,,,,,,,,,,,,,,,,,,https://www.noviny.sk/politika/532884-prieskum-tv-joj-keby-sa-konali-volby-tento-vikend-vyhralo-by-olano
FOCUS,2020-05-14,2020-05-21,FALSE,National,,1011,0.172,0.097,0.7310,,0.100%,,0.2160,0.0800,0.0650,0.2290,,0.0480,0.1120,,0.0140,,0.0430,0.0970,0.0200,0.0020,,0.0150,,0.0130,0.0420,,,,,,,,0.0040,,,,,,,,,,,,,,,,,,,,,,,,,,,,,,,,,,,,,,,,,,,,,,,,,,,,,,,,,,,,,
FOCUS,2020-04-15,2020-04-19,FALSE,National,,1016,0.124,0.156,0.7200,,0.100%,,0.2180,0.0680,,0.2440,,0.0450,0.1150,,0.0160,,0.0320,0.0920,0.0110,,,0.0180,0.0760,0.0230,0.0280,,,,,,0.0010,,0.0090,,,,,,,,,,,,,,0.0010,,,,,,0.0020,0.0010,,,,,,,,,,,,,,,,,,,,,,,,,,,,,,,,,,,,,,,,
AKO,2020-04-14,2020-04-17,FALSE,National,,1000,0.094,0.104,0.8020,,0.100%,,0.1830,0.0970,0.0650,0.2990,,0.0370,0.1000,,0.0220,,0.0300,0.0640,0.0220,0.0090,,0.0060,,0.0190,,,,,0.0440,,,,0.0010,,,,,,,,,,,,,,,,,,0.0010,,,,,,,0.0010,,,,,,,,,,,,,,,,,,,,,,,,,,,,,,,,,,,,
Polis,2020-04-04,2020-04-08,FALSE,National,,1093,,,,,0.100%,,0.2120,0.0820,,0.2620,,0.0410,0.0800,,,,0.0480,0.0750,,,,,0.0740,,,,,,,,,,,,,,,,,,,,,,,,,,,,,,,,,,,,,,,,,,,,,,,,,,,,,,,,,,,,,,,,,,,,,,0.1260,https://www.noviny.sk/politika/524478-prieskum-pre-tv-joj-ak-by-sa-teraz-konali-volby-obhajil-by-si-matovic-prvenstvo
FOCUS,2020-03-11,2020-03-17,FALSE,National,,1013,,,,,0.100%,,0.2160,0.0580,,0.2330,,0.0410,0.1150,,0.0340,,0.0520,0.0730,0.0240,,,0.0130,0.0590,0.0310,,,,,0.0350,,,,,,,,,,,,,,,,,,,,,,,,,,,,,,,,,,,,,,,,,,,,,,,,,,,,,,,,,,,,,,,,0.0160,https://www.focus-research.sk/files/n270_Volebne%20preferencie%20politickych%20stran_april%202020.pdf
ELECTION,2020-02-29,2020-02-29,FALSE,National,,4432419,0,0,0.6580,2881511,0.001%,,0.18295,0.06221,,0.25027,,0.04654,0.08243,,0.03164,,0.05772,0.07970,0.03062,,,0.02054,0.06968,0.02933,,,,,0.03910,,,,0.00553,,,,,,0.00146,,,,,,,,0.00068,,,0.00321,0.00070,0.00044,0.00114,0.00284,,0.00034,,0.00065,0.00028,,,,,,,,,,,,,,,,,,,,,,,,,,,,,,,,,,,
MEDIAN SK,2020-02-29,2020-02-29,FALSE,National,exit,,,,,20675,0.100%,,0.1390,0.0640,,0.2530,,0.0500,0.0750,,0.0300,,0.0560,0.0880,0.0290,,,0.0280,0.0880,0.0270,,,,,0.0440,,,,0.0070,,,,,,0.0040,,,,,,,,0.0010,,,0.0040,,0.0010,0.0020,0.0020,,0.0010,,0.0050,,,,,,,,,,,,,,,,,,,,,,,,,,,,,,,,,,,,
FOCUS,2020-02-29,2020-02-29,FALSE,National,exit,,,,,,0.100%,,0.1490,0.0830,,0.2580,,0.0510,0.0750,,0.0240,,0.0780,0.0650,0.0280,,,0.0200,0.0970,0.0190,,,,,0.0380,,,,,,,,,,,,,,,,,,,,,,,,,,,,,,,,,,,,,,,,,,,,,,,,,,,,,,,,,,,,,,,,,
AKO+FOCUS,2020-02-20,2020-02-24,FALSE,National,,2000,,,,1493,0.100%,,0.1560,0.0700,,0.1910,,0.0480,0.0720,,0.0340,,0.0660,0.0980,0.0410,,,0.0390,0.0940,0.0360,,,,,0.0350,,,,0.0070,,,,,,0.0030,,,,,,,,0.0010,,,0.0030,0.0010,0.0010,0.0020,0.0010,,0.0010,,,,,,,,,,,,,,,,,,,,,,,,,,,,,,,,,,,,,,
AKO+FOCUS,2020-02-13,2020-02-18,FALSE,National,,2000,,,,1368,0.100%,,0.1720,0.0610,,0.1640,,0.0520,0.0790,,0.0360,,0.0820,0.1040,0.0380,,,0.0400,0.0910,0.0320,,,,,0.0290,,,,0.0060,,,,,,0.0030,,,,,,,,0.0030,,,0.0010,0.0020,0.0010,0.0010,0.0010,,0.0010,,,0.0010,,,,,,,,,,,,,,,,,,,,,,,,,,,,,,,,,,,
AKO,2020-02-11,2020-02-13,FALSE,National,,1000,,,,631,0.100%,,0.1690,0.0610,,0.1550,,0.0530,0.0720,,0.0500,,0.0890,0.1030,0.0430,,,0.0470,0.0940,0.0150,,,,,0.0300,,,,0.0050,,,,,,,,,,,,,,,,,0.0110,,,,0.0030,,,,,,,,,,,,,,,,,,,,,,,,,,,,,,,,,,,,,,,,
FOCUS,2020-02-06,2020-02-12,FALSE,National,,1005,0.092,0.077,0.8310,,0.100%,,0.1700,0.0530,,0.1330,,0.0540,0.0780,,0.0440,,0.0820,0.1220,0.0400,,,0.0420,0.0930,0.0320,,,,,0.0390,,,,0.0030,,,,,,0.0050,,,,,,,,0.0040,,,0.0010,0.0030,,0.0010,,,0.0010,,,,,,,,,,,,,,,,,,,,,,,,,,,,,,,,,,,,,,https://focus-research.sk/files/n268_Volebne%20preferencie%20politickych%20stran_februar%202020.pdf
MVK,2020-02-05,2020-02-10,FALSE,National,,1143,,,0.5740,,0.100%,,0.2160,0.0510,,0.1230,,0.0650,0.0660,,0.0530,,0.0710,0.1150,0.0430,,,0.0330,0.0800,0.0160,,,,,0.0450,,,,,,,,,,,,,,,,,,,,,0.0090,,,,,,,,,,,,,,,,,,,,,,,,,,,,,,,,,,,,,,,,,,,0.0140,https://www.teraz.sk/slovensko/volby-by-vyhral-smer-so-216-percentami/446465-clanok.html
Polis,2020-02-05,2020-02-08,FALSE,National,,1130,,,,,0.100%,,0.1690,0.0500,,0.1310,,0.0520,0.0610,,0.0500,,0.0960,0.1180,0.0470,,,0.0470,0.0940,0.0430,,,,,0.0350,,,,0.0050,,,,,,,,,,,,,,,,,,,,,,,0.0010,,,,0.0010,,,,,,,,,,,,,,,,,,,,,,,,,,,,,,,,,,
AKO,2020-02-03,2020-02-06,FALSE,National,,1000,,,,557,0.100%,,0.1730,0.0580,,0.1350,,0.0530,0.0640,,0.0510,,0.0950,0.1180,0.0410,,,0.0450,0.0870,0.0220,,,,,0.0320,,,,0.0020,,,,,,0.0140,,,,,,,,,,,0.0010,0.0020,,0.0030,0.0010,,,,0.0020,0.0010,,,,,,,,,,,,,,,,,,,,,,,,,,,,,,,,,,,
Actly,2020-02-02,2020-02-12,FALSE,National,,1502,,,,,0.100%,,0.2090,0.0460,,0.1260,,0.0590,0.0710,,0.0500,,0.0780,0.1240,0.0350,,,0.0260,0.0830,0.0360,,,,,0.0380,,,,0.0050,,,,,,0.0060,,,,,,,,0.0010,,,0.0010,,,0.0010,,,0.0010,,0.0010,,,,,,,,,,,,,,,,,,,,,,,,,,,,,,,,,,,0.0030,https://www.facebook.com/spravy.rtvs/photos/a.1429399367320881/2440581849535956/?type=3&theater
Polis,2020-01-31,2020-02-05,FALSE,National,,1129,0.11,0.25,0.6400,,0.100%,,0.1730,0.0520,,0.1220,,0.0560,0.0710,,0.0530,,0.0950,0.1020,0.0460,,,0.0490,0.0950,0.0410,,,,,0.0300,,,,0.0080,,,,,,,,,,,,,,,,,,0.0040,,,,,0.0010,,,,0.0020,,,,,,,,,,,,,,,,,,,,,,,,,,,,,,,,,,https://www.joj.sk/na-hrane/novinky/508579-exkluzivny-prieskum-agentury-polis-volby-by-vyhral-smer-sd-druhi-by-boli-matovicovci
Kantar,2020-01-30,2020-02-05,FALSE,National,,1052,,,,,0.100%,,0.1960,0.0640,,0.1630,,0.0310,0.0980,,0.0420,,0.0890,0.0980,0.0300,,,0.0170,0.1150,0.0250,,,,,0.0140,,,,,,,,,,,,,,,,,,,,,,,,,,,,,,,,,,,,,,,,,,,,,,,,,,,,,,,,,,,,,,,,0.0180,https://www.rtvs.sk/televizia/clanky/216846/exkluzivne-pre-rtvs-prieskum-volebnych-preferencii
MVK,2020-01-24,2020-01-31,FALSE,National,,1123,,,0.4390,,0.100%,,0.2190,0.0380,,0.0890,,0.0750,0.0650,,0.0600,,0.0850,0.1270,0.0290,,,0.0290,0.0810,0.0240,,,,,0.0460,,,,0.0110,,,,,,0.0070,,,,,,,,,,,0.0060,,,,,,,,,,,,,,,,,,,,,,,,,,,,,,,,,,,,,,,,,,,0.0090,https://www.teraz.sk/slovensko/ak-by-sa-volby-konali-koncom-januara/445411-clanok.html
Polis,2020-01-23,2020-01-30,FALSE,National,,1109,0.13,0.27,0.6000,,0.100%,,0.1710,0.0520,,0.1200,,0.0550,0.0630,,0.0550,,0.1000,0.1110,0.0460,,,0.0480,0.0910,0.0390,,,,,0.0350,,,,0.0100,,,,,,,,,,,,,,,,,,,,,,,,,,,,,,,,,,,,,,,,,,,,,,,,,,,,,,,,,,,,0.0040,
FOCUS,2020-01-15,2020-01-22,FALSE,National,,1013,0.111,0.12,0.7690,,0.100%,,0.1800,0.0550,,0.0900,,0.0570,0.0760,,0.0520,,0.1080,0.1280,0.0400,,,0.0440,0.0980,0.0200,,,,,0.0400,,,,0.0050,,,,,,0.0010,,,,,,,,,,,0.0030,,,0.0010,,,,,,0.0010,0.0010,,,,,,,,,,,,,,,,,,,,,,,,,,,,,,,,,,
AKO,2020-01-15,2020-01-17,FALSE,National,,1000,,,,,0.100%,,0.1710,0.0670,,0.0840,,0.0550,0.0790,,0.0590,,0.1000,0.1100,0.0340,,,0.0420,0.1020,0.0230,,,,,0.0320,,,,0.0060,,,,,,0.0080,,,,,,,,0.0020,,,0.0030,0.0050,0.0020,0.0060,0.0020,,,,0.0060,0.0020,,,,,,,,,,,,,,,,,,,,,,,,,,,,,,,,,,,
Polis,2020-01-10,2020-01-15,FALSE,National,,1140,0.12,0.31,0.5700,,0.100%,,0.1710,0.0560,,0.1000,,0.0600,0.0560,,0.0630,,0.0970,0.1240,0.0410,,,0.0490,0.0840,0.0380,,,,,0.0430,,,,0.0060,,,,,,0.0010,,,,,,,,,,,0.0010,0.0090,,0.0010,,,,,,,,,,,,,,,,,,,,,,,,,,,,,,,,,,,,,,,,,
FOCUS,2020-01-10,2020-01-14,FALSE,National,,1010,0.127,0.095,0.7780,,0.100%,,0.1870,0.0540,,0.0770,,0.0600,0.0710,,0.0510,,0.1030,0.1360,0.0330,,,0.0400,0.1050,0.0230,,,,,0.0370,,,,0.0050,,,,,,0.0020,,,,,,,,0.0010,,,0.0050,0.0040,0.0020,,0.0020,,,,0.0020,,,,,,,,,,,,,,,,,,,,,,,,,,,,,,,,,,,,
AKO,2020-01-07,2020-01-09,FALSE,National,,1000,,,,,0.100%,,0.1770,0.0680,,0.0830,,0.0620,0.0760,,0.0620,,0.1040,0.1170,0.0320,,,0.0410,0.0910,0.0170,,,,,0.0250,,,,0.0110,,,,,,0.0080,,,,,,,,0.0020,,,0.0020,0.0080,0.0020,0.0060,0.0020,,,,0.0020,,0.0020,,,,,,,,,,,,,,,,,,,,,,,,,,,,,,,,,,
MEDIAN SK,2019-11-15,2019-12-23,FALSE,National,,1112,,,0.5400,704,0.100%,,0.2250,0.0750,,0.0950,,0.0650,0.0550,,0.0500,,0.1100,0.1150,0.0300,,,0.0150,0.0750,0.0200,,,,,0.0300,,,,,,,,,,,,,,,,,,,,,,,,,,,,,,,,,,,,,,,,,,,,,,,,,,,,,,,,,,,,,,,,0.0400,https://www.median.sk/pdf/OSTATNE/MEDIANSK_PAT12_PreferencieStran_v08.pdf
Polis,2019-12-07,2019-12-11,FALSE,National,,1131,0.12,0.32,0.5600,,0.100%,,0.1810,0.0520,,0.0980,,0.0610,0.0550,,0.0700,,0.1010,0.1220,0.0240,,,0.0520,0.0950,0.0220,,,,,0.0520,,,,0.0080,,,,,,,,,,,,,,,,,0.0020,0.0050,,,,,,,,,,,,,,,,,,,,,,,,,,,,,,,,,,,,,,,,,,,https://www.noviny.sk/politika/495832-exkluzivny-prieskum-agentury-polis-pre-tv-joj-volby-by-vyhral-oslabeny-smer-skokanmi-matovic-a-madari
Actly,2019-11-29,2019-12-11,FALSE,National,,1500,,,0.7500,1041,0.100%,,0.2210,0.0450,,0.0740,,0.0910,0.0760,,0.0650,,0.0740,0.1210,0.0140,,,0.0370,0.1050,0.0200,,,,,0.0360,,,,0.0040,,,,,,0.0040,,,,,,,,,,,,,,0.0020,,,,,,,0.0010,,,,,,,,,,,,,,,,,,,,,,,,,,,,,,,,,0.0100,https://www.rtvs.sk/televizia/clanky/213141/podla-prieskumu-actly-by-volby-vyhral-smer-sd-s-221-percentami
FOCUS,2019-12-02,2019-12-09,FALSE,National,,1008,0.113,0.117,0.7700,,0.100%,,0.1960,0.0570,,0.0800,,0.0570,0.0700,,0.0540,,0.0920,0.1180,0.0380,,,0.0430,0.1030,0.0210,,,,,0.0430,,,,0.0080,,,,,,0.0020,,,,,,,,0.0020,,,0.0080,,,0.0010,0.0010,,0.0010,,0.0020,0.0020,0.0010,,,,,,,,,,,,,,,,,,,,,,,,,,,,,,,,,,
AKO,2019-11-19,2019-11-25,FALSE,National,,1000,0.059,0.226,0.7150,,0.100%,,0.1840,0.0630,,0.0760,,0.0640,0.0710,,0.0640,,0.1250,0.1040,0.0320,,,0.0350,0.1240,0.0210,0.0220,,,,,,,,0.0070,,,,,0.0010,0.0030,,,,,,,,,,,0.0010,,,0.0010,,,,,,,,0.0010,0.0010,,,,,,,,,,,,,,,,,,,,,,,,,,,,,,,,
Polis,2019-11-09,2019-11-13,FALSE,National,,1111,,,,,0.100%,,0.2020,0.0510,,0.0700,,0.0600,0.0520,,0.0610,,0.1120,0.1110,0.0240,,,0.0410,0.1110,0.0330,0.0360,,,,,,,,0.0090,,0.0050,0.0050,0.0020,0.0060,,,,,,0.0020,,,,,,,,,,,,,,,,,,0.0020,,,,,,0.0050,,,,,,,,,,,,,,,,,,,,,,,,,,
MVK,2019-11-05,2019-11-12,FALSE,National,,1079,,,0.7580,,0.100%,,0.1910,0.0440,,0.0790,,0.0760,0.0650,,0.0700,,0.0880,0.0890,0.0390,,,0.0230,0.0970,0.0350,0.0450,,,,,,,,0.0110,,,,,0.0180,0.0070,,,,,,,,,,,,,,0.0110,,,,,,,,,,,,,,,,,,,,,,,,,,,,,,,,,,,,,,,,0.0120,https://www.teraz.sk/slovensko/prieskum-volby-do-nr-sr-by-v-novembri/431455-clanok.html
FOCUS,2019-10-30,2019-11-06,FALSE,National,,1020,0.144,0.105,0.7510,,0.100%,,0.2000,0.0500,,0.0570,,0.0570,0.0700,,0.0680,,0.1060,0.1030,0.0290,,,0.0410,0.1170,0.0300,0.0350,,,,,,,,0.0030,,,0.0090,,0.0080,0.0030,,,,,0.0020,,,,,,0.0100,,,,,,,,,,,,,,,,0.0020,,,,,,,,,,,,,,,,,,,,,,,,,,,,
Actly,2019-10-15,2019-11-03,FALSE,National,,1501,,,0.6750,1013,0.100%,,0.2280,0.0490,,0.0650,,0.0860,0.0690,,0.0740,,0.0860,0.1290,0.0180,,,0.0220,0.1180,0.0270,0.0260,,,,,,,,,,,,,,,,,,,,,,,,,,,,,,,,,,,,,,,,,,,,,,,,,,,,,,,,,,,,,,,,,,,,0.0030,https://www.rtvs.sk/televizia/clanky/209892/exkluzivny-prieskum-rtvs-postoja-slovakov-k-spolocenskym-a-politickym-temam
FOCUS,2019-10-15,2019-10-22,FALSE,National,,1021,0.13,0.134,0.7360,,0.100%,,0.2200,0.0520,,0.0600,,0.0650,0.0720,,0.0690,,0.0910,0.1020,0.0240,,,0.0380,0.1100,0.0180,0.0320,,,,,0.0070,0.0040,,0.0030,,,0.0020,,0.0050,0.0010,,,,,0.0030,,,,,,0.0120,,,,,,,,,,,,0.0090,,,,0.0010,,,,,,,,,,,,,,,,,,,,,,,,,,,,
AKO,2019-10-07,2019-10-10,FALSE,National,,1000,0.079,0.249,0.6750,,0.100%,,0.2010,0.0670,,0.0580,,0.0560,0.0590,,0.0640,,0.1200,0.1230,0.0170,,,0.0390,0.1270,0.0130,0.0310,,,,,0.0030,,,0.0130,,,0.0040,0.0010,0.0040,,,,,,,,,,,,,,,,,,,,,,,,,,,,,,,,,,,,,,,,,,,,,,,,,,,,,,,,
Polis,2019-10-05,2019-10-09,FALSE,National,,1145,0.1,0.35,0.5500,,0.100%,,0.2010,0.0510,,0.0700,,0.0670,0.0500,,0.0700,,0.1030,0.1110,0.0330,,,0.0420,0.1010,0.0310,0.0300,,,,,,,,0.0170,,,0.0090,,,,,,,,0.0140,,,,,,,,,,,,,,,,,,,,,,,,,,,,,,,,,,,,,,,,,,,,,,,,,,https://www.noviny.sk/politika/476554-exkluzivny-prieskum-agentury-polis-pre-tv-joj-kiskova-strana-za-ludi-by-predbehla-koaliciu-ps-spolu
AKO,2019-09-18,2019-09-25,FALSE,National,,1000,,,,,0.100%,,0.2000,0.0700,,0.0590,,0.0740,0.0780,,0.0560,,0.0910,0.1080,0.0200,,,0.0340,0.1710,,0.0360,,,,,,,,,,,,,,,,,,,,,,,,,,,,,,,,,,,,,,,,,,,,,,,,,,,,,,,,,,,,,,,,,,,,0.0030,
FOCUS,2019-09-11,2019-09-17,FALSE,National,,1027,0.113,0.138,0.7490,,0.100%,,0.2170,0.0640,,0.0680,,0.0690,0.0720,,0.0680,,0.0650,0.1060,0.0210,,,0.0410,0.1330,,0.0330,,,,,0.0030,0.0020,,,,,0.0100,0.0040,0.0090,0.0040,,,,,0.0010,,,,,,,,,,,0.0020,,,,,,0.0010,0.0020,,,0.0020,0.0010,,0.0010,0.0010,,,,,,,,,,,,,,,,,,,,,,,,,
Polis,2019-09-01,2019-09-12,TRUE,National,,,0.15,0.25,0.6000,,0.100%,,0.2030,0.0720,,0.0740,,0.0690,0.0530,,0.0710,,0.0860,0.1320,,,,0.0420,0.1320,,0.0410,,,,,,,,,,,0.0080,,0.0090,,,,,,0.0020,,,,,,,,,,,,,,,,,,0.0060,,,,,,,,,,,,,,,,,,,,,,,,,,,,,,,,https://www.noviny.sk/politika/469534-exkluzivny-prieskum-polis-pre-na-hrane-tv-joj-slovaci-by-zvolili-smer-sd-viac-veria-kiskovi-ako-trubanovi
Actly,2019-08-11,2019-08-31,TRUE,National,,1511,,,0.7520,1136,0.100%,,0.2190,0.0620,,0.0650,,0.0890,0.0670,,0.0770,,0.0600,0.1210,,,,0.0230,0.1310,,0.0240,,,,,,,,,,,,,,,,,,,,,,,,,,,,,,,,,,,,,,,,,,,,,,,,,,,,,,,,,,,,,,,,,,,,0.0620,https://www.rtvs.sk/televizia/clanky/209892/exkluzivny-prieskum-rtvs-postoja-slovakov-k-spolocenskym-a-politickym-temam
Polis,2019-08-01,2019-08-31,TRUE,National,,,,,,,0.100%,,0.1970,0.0630,,0.1000,,0.0700,0.0520,,0.0770,,0.0520,0.1140,,,,0.0540,0.1500,,0.0490,,,,,,,,,,,,,,,,,,,,,,,,,,,,,,,,,,,,,,,,,,,,,,,,,,,,,,,,,,,,,,,,,,,,,https://www.noviny.sk/politika/495832-exkluzivny-prieskum-agentury-polis-pre-tv-joj-volby-by-vyhral-oslabeny-smer-skokanmi-matovic-a-madari
AKO,2019-08-26,2019-08-29,FALSE,National,,1000,,,,,0.100%,,0.1960,0.0900,,0.0730,,0.0630,0.0760,,0.0710,,0.0880,0.1090,,,,0.0390,0.1550,,0.0350,,,,,,,,,,,0.0020,,0.0030,,,,,,,,,,,,,,,,,,,,,,,,,,,,,,,,,,,,,,,,,,,,,,,,,,,,,,,,
MVK,2019-08-12,2019-08-20,FALSE,National,,1075,0.072,0.186,0.7420,,0.100%,,0.2070,0.0550,,0.0690,,0.0940,0.0550,,0.0850,,0.0790,0.0810,,,,0.0380,0.1330,,0.0340,,,,,,,,,,,,,0.0230,,,,,,,,,,,,,,,,,,,,,,,,,,,,,,,,,,,,,,,,,,,,,,,,,,,,,,,0.0470,https://spravy.pravda.sk/volby-2020/clanok/524715-smer-sd-je-podla-prieskumu-stale-na-prvom-mieste-kdh-je-v-prvej-trojke/
FOCUS,2019-08-13,2019-08-19,FALSE,National,,1010,0.123,0.138,0.7390,,0.100%,,0.2080,0.0790,,0.0610,,0.0730,0.0660,,0.0700,,0.0550,0.1140,,,,0.0430,0.1490,,0.0350,,,,,0.0010,,0.0010,,,,0.0030,,0.0090,0.0020,,,,,0.0070,,,,,,,,,,,0.0060,,0.0010,,,,0.0010,0.0060,,,,0.0020,,0.0030,0.0030,,,,,,,,,,,,,,,,,,,,,,,,0.0020,
FOCUS,2019-08-01,2019-08-07,FALSE,National,,1020,0.106,0.126,0.7680,,0.100%,,0.2180,0.0700,,0.0600,,0.0750,0.0630,,0.0700,,0.0500,0.1210,,,,0.0470,0.1400,,0.0340,,,,,0.0010,,,,,,0.0090,0.0040,0.0120,0.0030,,,,,0.0010,,,,,,,,,,,0.0030,,,,,,0.0030,0.0040,,,,0.0040,,0.0010,0.0030,,,,,,,,,,,,,,,,,,,,,,,,0.0040,
Actly,2019-07-01,2019-07-31,TRUE,National,,1004,,,0.8240,827,0.100%,,0.2210,0.0570,,0.0690,,0.0810,0.0860,,0.0800,,0.0470,0.1110,,,,0.0420,0.1290,,0.0310,,,,,,,,,,,,,,,,,,,,,,,,,,,,,,,,,,,,,,,,,,,,,,,,,,,,,,,,,,,,,,,,,,,,0.0460,https://www.rtvs.sk/televizia/clanky/209892/exkluzivny-prieskum-rtvs-postoja-slovakov-k-spolocenskym-a-politickym-temam
Actly,2019-06-01,2019-06-30,TRUE,National,,1509,,,0.8110,1224,0.100%,,0.2350,0.0670,,0.0600,,0.0780,0.0660,,0.0700,,0.0270,0.1150,,,,0.0330,0.1540,,0.0240,,,,,,,,,,,,,,,,,,,,,,,,,,,,,,,,,,,,,,,,,,,,,,,,,,,,,,,,,,,,,,,,,,,,0.0710,https://www.rtvs.sk/televizia/clanky/209892/exkluzivny-prieskum-rtvs-postoja-slovakov-k-spolocenskym-a-politickym-temam
FOCUS,2019-06-19,2019-06-25,FALSE,National,,1023,0.112,0.135,0.7530,,0.100%,,0.2030,0.0710,,0.0510,,0.0700,0.0700,,0.0730,,0.0520,0.1260,,,,0.0450,0.1570,,0.0330,,,,,0.0010,,,,,,0.0090,0.0010,0.0160,,,,,,,,,,,,,,,,,0.0010,,,,,,0.0070,0.0050,,0.0010,,0.0030,,,0.0040,0.0010,,,,,,,,,,,,,,,,,,,,,,,,https://www.focus-research.sk/files/n253_Volebne%20preferencie%20politickych%20stran_jun2019%20II..pdf
Polis,2019-06-11,2019-06-18,FALSE,National,,1165,0.17,0.28,0.5500,,0.100%,,0.1830,0.0850,,0.0630,,0.0820,0.0500,,0.0760,,0.0520,0.1140,,,,0.0510,0.1500,,0.0490,,,,,,,,,,,0.0200,,0.0190,,,,,,0.0030,,,,,,,,,,,,,,,,,,0.0030,,,,,,,,,,,,,,,,,,,,,,,,,,,,,,,,https://tvnoviny.sk/domace/clanok/100598-prieskum-koalicia-sa-prepada-do-parlamentu-by-sa-dostalo-az-10-stran
FOCUS,2019-06-01,2019-06-11,FALSE,National,w/ZĽ,1017,0.116,0.123,0.7610,,0.100%,,0.1950,0.0680,,0.0590,,0.0750,0.0660,,0.0700,,0.0620,0.1230,,,,0.0410,0.1530,,0.0380,,,,,0.0010,,,,,,0.0130,0.0010,0.0040,,,,,,0.0030,,,,,,,,,,,0.0010,,0.0010,,,,0.0030,0.0130,,,0.0010,0.0030,,,0.0010,0.0010,,,,,,,,,,,,,,,,,,,,,,,0.0040,
FOCUS,2019-06-01,2019-06-11,FALSE,National,,1017,0.132,0.104,0.7640,,0.100%,,0.1970,0.0800,,0.0670,,0.0750,0.0730,,0.0720,,,0.1250,,,,0.0440,0.1780,,0.0370,,,,,0.0010,,,,,,0.0130,0.0010,0.0040,,,,,,0.0030,,,,,,,,,,,0.0010,,0.0010,,,,0.0040,0.0140,,,0.0010,0.0040,,,0.0010,0.0010,,,,,,,,,,,,,,,,,,,,,,,0.0030,
FOCUS,2019-05-17,2019-05-23,FALSE,National,,1020,,,,,0.100%,,0.2090,0.1080,,0.0920,,0.0610,0.0850,,0.0770,,,0.1190,,,,0.0430,0.1160,,0.0400,,,,,,,,,,,0.0090,,0.0140,,,,,,,,,,,,,,,,,0.0040,,,,,,0.0060,,,,,0.0050,,0.0070,,,,,,,,,,,,,,,,,,,,,,,,,0.0050,https://www.focus-research.sk/files/n251_Volebne%20preferencie%20politickych%20stran_jun2019.pdf
AKO,2019-05-28,2019-05-31,FALSE,National,w/ZĽ,1000,,,,,0.100%,,0.1740,0.0880,,0.0570,,0.0810,0.0640,,0.0640,,0.1080,0.1380,,,,0.0360,0.1560,,0.0280,,,,,,,,,,,,,,,,,,,,,,,,,,,,,,,,,,,,,,,,,,,,,,,,,,,,,,,,,,,,,,,,,,,,0.0060,
AKO,2019-05-28,2019-05-31,FALSE,National,,1000,,,,,0.100%,,0.1870,0.1080,,0.0630,,0.0860,0.0730,,0.0720,,,0.1490,,,,0.0420,0.1800,,0.0290,,,,,,,,,,,,,,,,,,,,,,,,,,,,,,,,,,,,,,,,,,,,,,,,,,,,,,,,,,,,,,,,,,,,0.0110,
EU ELECTION,2019-05-25,2019-05-25,FALSE,European,,4429801,,,0.2274,985680,0.001%,,0.15725,0.09622,,0.05259,,0.09698,0.03230,,0.04092,,,0.12072,,,,0.02593,0.20114,,0.04964,,,,,,,0.00061,,,,0.00796,0.00725,0.00620,0.00517,,,,,0.02067,,,,,0.00052,,0.00302,,,0.00300,0.00230,,,0.00213,,,0.00225,0.03853,,,,,,0.00621,,,,,,,,,,,,,,,,,,,,,,,,,0.02669,
AKO,2019-05-08,2019-05-10,FALSE,National,,1000,0.089,0.183,0.7280,,0.100%,,0.1920,0.1350,,0.0670,,0.0740,0.0990,,0.0820,,,0.1360,,,,0.0510,0.1360,,0.0220,,,,,,,,,,,0.0040,,0.0020,,,,,,,,,,,,,,,,,,,,,,,,,,,,,,,,,,,,,,,,,,,,,,,,,,,,,,,,
AKO,2019-04-29,2019-05-06,FALSE,National,,1000,0.051,0.127,0.8220,,0.100%,,0.1910,0.1310,,0.0920,,0.0660,0.0830,,0.0800,,,0.1390,,,,0.0500,0.1370,,0.0260,,,,,,,,,,,0.0010,,,,,,,,,,,,,,,,,,,,,,,,,0.0020,0.0020,,,,,,,,,,,,,,,,,,,,,,,,,,,,,,,,
FOCUS,2019-04-08,2019-04-14,FALSE,National,,1026,0.147,0.146,0.7070,,0.100%,,0.1900,0.1010,,0.0910,,0.0680,0.0940,,0.0750,,,0.1050,,,,0.0470,0.1340,,0.0360,,,,,,,0.0050,,,,0.0160,,0.0110,0.0010,,,,,,,,,,,,,,,,0.0020,,0.0040,,,,0.0020,,,0.0020,0.0020,0.0040,,,0.0060,,,,,,,,,,,,,,,,,,,,,,,,0.0040,
AKO,2019-04-01,2019-04-02,FALSE,National,,1000,0.077,0.146,0.7770,,0.100%,,0.1970,0.1290,,0.0860,,0.0690,0.1070,,0.0760,,,0.1150,,,,0.0500,0.1440,,0.0260,,,,,,,,,,,,,,,,,,,,,,,,,,,,,,0.0010,,,,,,,,,,,,,,,,,,,,,,,,,,,,,,,,,,,,,,,
FOCUS,2019-03-18,2019-03-25,FALSE,National,,1000,0.173,0.148,0.6790,,0.100%,,0.2240,0.1140,,0.0830,,0.0750,0.0900,,0.0790,,,0.1180,,,,0.0450,0.0910,,0.0300,,,,,,,0.0020,,,,0.0100,,0.0120,0.0030,,,,,,,,,,,,,,,,,,0.0030,,,,0.0080,,,0.0020,0.0020,0.0040,,,0.0020,,,,,,,,,,,,,,,,,,,,,,,,0.0030,
FOCUS,2019-03-01,2019-03-15,FALSE,European,,1590,,,,,0.010%,,0.2162,0.1129,,0.1098,,0.0889,0.0916,,0.0597,,,0.1290,,,,0.0395,0.0810,,0.0324,,,,,,,,,,,0.0113,,0.0176,,,,,,,,,,,,,,,,,,,,,,,,,,,,,,,,,,,,,,,,,,,,,,,,,,,,,,,0.0101,
FOCUS,2019-02-21,2019-02-26,FALSE,National,,1022,0.072,0.143,0.7850,,0.100%,,0.2120,0.1120,,0.0840,,0.0650,0.0950,,0.0750,,,0.1170,,,,0.0540,0.0950,,0.0310,,,,,,,0.0020,,,,0.0160,,0.0130,0.0010,,,,,,,,,,,,,,,,0.0010,,0.0020,,,,0.0060,,,0.0040,0.0020,0.0020,,,0.0070,,,,,,,,,,,,,,,,,,,,,,,,0.0040,
AKO,2019-02-08,2019-02-12,FALSE,National,,1000,0.09,0.174,0.7360,,0.100%,,0.2240,0.1480,,0.1010,,0.0610,0.1090,,0.0800,,,0.0950,,,,0.0630,0.0750,,0.0330,,,,,,,,,,,0.0040,0.0050,0.0020,,,,,,,,,,,,,,,,,,,,,,,,,,,,,,,,,,,,,,,,,,,,,,,,,,,,,,,,
FOCUS,2019-01-16,2019-01-23,FALSE,National,,1013,0.12,0.148,0.7320,,0.100%,,0.2250,0.1230,0.0490,0.1000,,0.0700,0.1040,,0.0800,,,0.0840,,0.0350,,0.0580,,,0.0340,,,,,,,,,,,0.0160,,0.0150,,,,,,,,,,,,,,,,,,,,,,,0.0010,,,0.0010,0.0010,0.0030,,,0.0010,,,,,,,,,,,,,,,,,,,,,,,,,https://focus-research.sk/files/n239_Volebne%20preferencie%20politickych%20stran_december2018.pdf
FOCUS,2018-12-01,2018-12-09,FALSE,National,,1019,0.126,0.112,0.7620,,0.100%,,0.2170,0.1330,0.0510,0.1050,,0.0650,0.0900,,0.0920,,,0.0920,,0.0410,,0.0520,,,0.0330,,,,,,,0.0010,,,,0.0090,,0.0050,0.0020,,,,,,,,,,,,,,,,0.0020,,,,,,0.0010,,,0.0020,0.0010,0.0030,,,0.0030,,,,,,,,,,,,,,,,,,,,,,,,,https://www.focus-research.sk/files/n239_Volebne%20preferencie%20politickych%20stran_december2018.pdf
AKO,2018-11-27,2018-11-28,FALSE,National,,1000,0.117,0.186,0.6970,,0.100%,,0.2340,0.1590,0.0530,0.0770,,0.0670,0.1000,,0.0930,,,0.0920,,0.0320,,0.0570,,,0.0240,,,,,,,,,,,0.0030,,0.0090,,,,,,,,,,,,,,,,,,,,,,,,,,,,,,,,,,,,,,,,,,,,,,,,,,,,,,,,https://ako.sk/wp-content/uploads/2018/12/AKO_VOLEBNE_PREFERENCIE_NOV_DEC_2018.pdf
MEDIAN SK,2018-11-05,2018-11-27,FALSE,National,,1020,,,0.5400,641,0.500%,,0.2500,0.1450,0.0350,0.1000,,0.0700,0.0800,,0.0900,,,0.0800,,0.0350,,0.0450,,,0.0400,,,,,,,0.0050,,,,,,,,,,,,,,,,,,,,,,,,,,,,,,,,,,,,,,,,,,,,,,,,,,,,,,,,,,,,,0.0250,https://www.median.sk/pdf/PAT2018/MEDIANSK_PAT11_PreferencieStran.pdf
AKO,2018-11-13,2018-11-15,FALSE,National,,1000,0.079,0.18,0.7410,,0.100%,,0.2390,0.1610,0.0500,0.0810,,0.0590,0.1040,,0.0920,,,0.0780,,0.0420,,0.0610,,,0.0320,,,,,,,,,,,,,0.0010,,,,,,,,,,,,,,,,,,,,,,,,,,,,,,,,,,,,,,,,,,,,,,,,,,,,,,,,https://ako.sk/wp-content/uploads/2018/11/AKO_VOLEBNE_PREFERENCIE_NOVEMBER_2018.pdf
FOCUS,2018-11-07,2018-11-14,FALSE,National,,1012,0.119,0.127,0.7540,,0.100%,,0.2090,0.1200,0.0530,0.0950,,0.0770,0.0810,,0.0800,,,0.0980,,0.0500,,0.0590,,,0.0360,,,,,,,,,,,0.0090,,0.0130,0.0010,,,,,,,,,,,,,,,,0.0030,,0.0020,,,,0.0040,,,,0.0010,0.0030,,,0.0030,,,,,,,,,,,,,,,,,,,,,,,,0.0030,https://focus-research.sk/files/n236_Volebne%20preferencie%20politickych%20stran_november2018.pdf
MEDIAN SK,2018-10-02,2018-11-03,FALSE,National,,970,,,0.5800,614,0.100%,,0.2600,0.1470,0.0210,0.0990,,0.0730,0.0810,,0.0880,,,0.0720,,0.0480,,0.0450,,,0.0480,,,,,,,,,,,,,,,,,,,,,,,,,,,,,,,,,,,,,,,,,,,,,,,,,,,,,,,,,,,,,,,,,,,,0.0180,https://www.median.sk/pdf/OSTATNE/MEDIANSK_PAT10_PreferencieStran.pdf
AKO,2018-10-03,2018-10-08,FALSE,National,,1000,0.11,0.192,0.6980,,0.100%,,0.2220,0.1550,0.0490,0.0820,,0.0640,0.0800,,0.1020,,,0.1070,,0.0370,,0.0620,,,0.0290,,,,,,,0.0010,,,,0.0060,,0.0030,,,,,,,,,,,,,,,,,0.0010,,,,,,,,,,,,,,,,,,,,,,,,,,,,,,,,,,,,,,,https://ako.sk/wp-content/uploads/2018/10/OKTOBER2018.pdf
MEDIAN SK,2018-09-13,2018-10-01,TRUE,National,,1000,,,,,0.500%,,0.2600,0.1350,0.0250,0.0900,,0.0550,0.0800,,0.1100,,,0.0750,,0.0200,,0.0550,,,0.0400,,,,,,,0.0150,,,,,,,,,,,,,,,,,,,,,,,,,,,,,,,,,,,,,,,,,,,,,,,,,,,,,,,,,,,,,,https://www.median.sk/pdf/PAT2018/MEDIANSK_PAT11_PreferencieStran.pdf
FOCUS,2018-09-18,2018-09-25,FALSE,National,,1015,0.147,0.132,0.7210,,0.100%,,0.2240,0.1350,0.0440,0.1030,,0.0550,0.0820,,0.0920,,,0.1000,,0.0310,,0.0510,,,0.0310,,,,,,,,,,,0.0170,,0.0120,,,,,,,,,,,,,,,,,0.0060,,0.0040,,,,0.0040,,,,0.0020,0.0010,,,0.0040,,,,,,,,,,,,,,,,,,,,,,,,0.0020,https://www.focus-research.sk/files/n232_Volebne%20preferencie%20politickych%20stran_september2018.pdf
AKO,2018-08-30,2018-09-05,FALSE,National,,1000,0.093,0.168,0.7390,,0.100%,,0.2120,0.1600,0.0460,0.0940,,0.0760,0.0950,,0.1090,,,0.0860,,0.0230,,0.0630,,,0.0300,,,,,,,,,,,0.0030,,,,,,,,,,,,,,,,,,,0.0010,,,,,,0.0020,,,,,,,,,,,,,,,,,,,,,,,,,,,,,,,,,https://ako.sk/wp-content/uploads/2018/09/AKOVOLEBNEPREFERENCIESEPTEMBER2018.pdf
MEDIAN SK,2018-08-01,2018-08-31,TRUE,National,,,,,,,0.500%,,0.2600,0.1350,0.0250,0.0850,,0.0600,0.0750,,0.1000,,,0.0800,,0.0350,,0.0500,,,0.0450,,,,,,,0.0250,,,,,,,,,,,,,,,,,,,,,,,,,,,,,,,,,,,,,,,,,,,,,,,,,,,,,,,,,,,,,,
AKO,2018-08-15,2018-08-17,FALSE,National,,1000,0.112,0.188,0.7000,,0.100%,,0.2140,0.1570,0.0410,0.0840,,0.0610,0.1030,,0.1100,,,0.1090,,0.0330,,0.0530,,,0.0300,,,,,,,,,,,0.0030,,,,,,,,,,,,,,,,,,,,,,,,,,,0.0010,0.0010,,,,,,,,,,,,,,,,,,,,,,,,,,,,,,https://ako.sk/wp-content/uploads/2018/08/AKO_AUGUST_2018.pdf
FOCUS,2018-08-02,2018-08-09,FALSE,National,,1007,0.136,0.179,0.6850,,0.100%,,0.2070,0.1220,0.0420,0.0870,,0.0710,0.1000,,0.0940,,,0.1010,,0.0330,,0.0570,,,0.0410,,,,,,,0.0010,,,,0.0160,,0.0140,,,,,,,,,,,,,,,,,,,0.0020,,,,0.0030,,,,0.0010,0.0050,,,0.0030,,,,,,,,,,,,,,,,,,,,,,,,,https://focus-research.sk/files/n231_Volebne%20preferencie%20politickych%20stran_august2018.pdf
MEDIAN SK,2018-07-01,2018-07-31,TRUE,National,,,,,,,0.500%,,0.2750,0.1550,0.0150,0.0950,,0.0700,0.0750,,0.1000,,,0.0650,,0.0300,,0.0450,,,0.0350,,,,,,,0.0300,,,,,,,,,,,,,,,,,,,,,,,,,,,,,,,,,,,,,,,,,,,,,,,,,,,,,,,,,,,,,,https://www.median.sk/pdf/PAT2018/MEDIANSK_PAT11_PreferencieStran.pdf
AKO,2018-06-18,2018-06-21,FALSE,National,,1000,0.11,0.172,0.7180,,0.100%,,0.2100,0.1550,0.0400,0.0860,,0.0720,0.0930,,0.1020,,,0.1110,,0.0380,,0.0630,,,0.0240,,,,,,,,,,,,,0.0040,,,,,,,,,,,,,,,,,,,,,,,,,,,0.0020,,,,,,,,,,,,,,,,,,,,,,,,,,,,,https://ako.sk/wp-content/uploads/2018/06/AKO-JUN-2018.pdf
FOCUS,2018-06-04,2018-06-11,FALSE,National,,1015,0.168,0.144,0.6880,,0.100%,,0.2170,0.1240,0.0390,0.1000,,0.0670,0.0810,,0.0980,,,0.0970,,0.0290,,0.0560,,,0.0400,,,,,,,0.0030,,,,0.0130,,0.0160,,,,,,,,,,,,,,,,,0.0020,,0.0010,,,,0.0030,,,0.0010,0.0040,0.0050,,,0.0030,,,,,,,,,,,,,,,,,,,,,,,,0.0010,https://focus-research.sk/files/248_Volebne%20preferencie%20politickych%20stran_jun2018.pdf
AKO,2018-05-16,2018-05-21,FALSE,National,,1000,0.107,0.144,0.7490,,0.100%,,0.2150,0.1670,0.0390,0.0910,,0.0670,0.0910,,0.1010,,,0.1040,,0.0360,,0.0560,,,0.0250,,,,,,,,,,,0.0030,,0.0050,,,,,,,,,,,,,,,,,,,,,,,,,,,,,,,,,,,,,,,,,,,,,,,,,,,,,,,,https://ako.sk/wp-content/uploads/2018/05/AKO-VOLEBNE-PREFERENCIE-MAJ-2018.pdf
FOCUS,2018-04-24,2018-04-30,FALSE,National,,1005,0.165,0.12,0.7150,,0.100%,,0.2050,0.1320,0.0360,0.0910,,0.0680,0.0910,,0.1010,,,0.0930,,0.0280,,0.0580,,,0.0330,,,,,,,0.0060,,,,0.0100,,0.0170,0.0020,,,,,,,,,,,,,,,,0.0010,,0.0030,,,,0.0040,,,0.0010,0.0010,0.0060,,,0.0120,,,,,,,,,,,,,,,,,,,,,,,,0.0010,https://focus-research.sk/files/245_Volebne%20preferencie%20politickych%20stran_april2018.pdf
AKO,2018-04-20,2018-04-24,FALSE,National,,1000,0.13,0.193,0.6770,,0.100%,,0.2140,0.1610,0.0380,0.0870,,0.0690,0.0900,,0.1090,,,0.1030,,0.0370,,0.0680,,,0.0190,,,,,,,,,,,,,0.0050,,,,,,,,,,,,,,,,,,,,,,,,,,,,,,,,,,,,,,,,,,,,,,,,,,,,,,,,https://ako.sk/wp-content/uploads/2018/04/AKO-VOLEBNE-PREFERENCIE-APRIL-II-2018.pdf
AKO,2018-04-04,2018-04-07,FALSE,National,,1000,0.127,0.175,0.6980,,0.100%,,0.2070,0.1710,0.0320,0.0910,,0.0860,0.0860,,0.1070,,,0.1000,,0.0280,,0.0560,,,0.0270,,,,,,,,,,,0.0060,,0.0030,,,,,,,,,,,,,,,,,,,,,,,,,,,,,,,,,,,,,,,,,,,,,,,,,,,,,,,,https://ako.sk/wp-content/uploads/2018/04/AKO-VOLEBNE-PREFERENCIE-APRIL-2018.pdf
FOCUS,2018-03-07,2018-03-13,FALSE,National,,1012,0.218,0.145,0.6370,,0.100%,,0.2020,0.1400,0.0140,0.1040,,0.0700,0.1040,,0.1000,,,0.1010,,0.0110,,0.0560,,,0.0410,,,,,,,0.0030,,,,0.0080,,0.0150,0.0030,,,,,,,,,,,,,,,,0.0030,,0.0060,,,,0.0030,,,0.0010,0.0060,0.0050,,,0.0040,,,,,,,,,,,,,,,,,,,,,,,,,https://www.focus-research.sk/files/n225_Volebne%20preferencie%20politickych%20stran_marec2018.pdf
AKO,2018-02-21,2018-02-26,FALSE,National,,1000,0.111,0.16,0.7290,,0.100%,,0.2470,0.1620,0.0160,0.1020,,0.0770,0.0960,,0.0990,,,0.0820,,0.0160,,0.0630,,,0.0340,,,,,,,,,,,0.0010,,0.0040,,,,,,,,,,,,,,,,,,,,,,,,,,,0.0010,,,,,,,,,,,,,,,,,,,,,,,,,,,,,https://ako.sk/wp-content/uploads/2018/02/AKOFEBRUAR2018.pdf
FOCUS,2018-01-23,2018-01-28,FALSE,National,,1012,0.205,0.117,0.6780,,0.100%,,0.2550,0.1310,0.0190,0.1140,,0.0740,0.0900,,0.0860,,,0.0810,,,,0.0570,,,0.0390,,,,,,,0.0070,,,,0.0070,,0.0160,,,,,,,,,,,,,,,,,0.0010,,0.0020,,,,0.0030,,,0.0010,0.0050,0.0030,,,0.0090,,,,,,,,,,,,,,,,,,,,,,,,,https://focus-research.sk/files/n221_Volebne%20preferencie%20politickych%20stran_januar2018.pdf
AKO,2017-11-14,2017-11-18,FALSE,National,,1000,0.117,0.137,0.7460,,0.100%,,0.2480,0.1780,,0.1250,,0.0700,0.0920,,0.0890,,,0.0840,,,,0.0580,,,0.0430,,,,,,,0.0050,,,,0.0030,,0.0010,,,,,,,,,,,,,,,,,0.0030,,,,,,,,,0.0010,,,,,,,,,,,,,,,,,,,,,,,,,,,,,,https://ako.sk/wp-content/uploads/2017/11/AKO-PREFERENCIE-NOVEMBER-2017.pdf
FOCUS,2017-11-07,2017-11-13,FALSE,National,,1017,0.2,0.119,0.6810,,0.100%,,0.2480,0.1420,,0.1250,,0.0720,0.0850,,0.0800,,,0.0840,,,,0.0560,,,0.0360,,,,,,,0.0090,,,,0.0100,,0.0150,0.0010,,,,,,,,,,,,,,,,0.0030,,0.0020,,,,0.0030,,,0.0060,0.0030,0.0060,,,0.0080,,,,,,,,,,,,,,,,,,,,,,,,,https://focus-research.sk/files/n220_Volebne%20preferencie%20politickych%20stran_november2017.pdf
FOCUS,2017-10-04,2017-10-11,FALSE,National,,1003,0.201,0.121,0.6780,,0.100%,,0.2620,0.1380,,0.0850,,0.0730,0.0940,,0.0810,,,0.1010,,,,0.0600,,,0.0420,,,,,,,0.0070,,,,0.0090,,0.0100,,,,,,,,,,,,,,,,,0.0050,,,,,,0.0020,,,0.0040,0.0070,0.0070,,,0.0110,0.0020,,,,,,,,,,,,,,,,,,,,,,,,https://focus-research.sk/files/n219_Volebne%20preferencie%20politickych%20stran_oktober2017.pdf
AKO,2017-09-18,2017-09-20,FALSE,National,,1000,0.106,0.253,0.6410,,0.100%,,0.2730,0.1610,,0.0890,,0.0510,0.0920,,0.0900,,,0.1090,,,,0.0730,,,0.0420,,,,,,,0.0030,,,,0.0070,,0.0020,,,,,,,,,,,,,,,,,0.0020,,,,,,,,,0.0020,,0.0020,,,0.0020,,,,,,,,,,,,,,,,,,,,,,,,,https://ako.sk/wp-content/uploads/2017/09/AKO-PREFERENCIE-september-2017_.pdf
FOCUS,2017-09-11,2017-09-18,FALSE,National,,1005,0.189,0.124,0.6870,,0.100%,,0.2600,0.1400,,0.0960,,0.0640,0.0910,,0.0870,,,0.1040,,,,0.0600,,,0.0400,,,,,,,0.0070,,,,0.0160,,0.0090,,,,,,,,,,,,,,,,,0.0020,,,,,,0.0010,,,0.0020,0.0080,0.0080,,,0.0040,0.0010,,,,,,,,,,,,,,,,,,,,,,,,https://focus-research.sk/files/234_Volebne%20preferencie%20politickych%20stran_september2017.pdf
FOCUS,2017-08-01,2017-08-06,FALSE,National,,1003,,,,,0.100%,,0.2790,0.1390,,0.0920,,0.0620,0.0880,,0.0910,,,0.1090,,,,0.0680,,,0.0350,,,,,,,0.0050,,,,0.0080,,0.0050,,,,,,,,,,,,,,,,,,,,,,,0.0030,,,0.0020,0.0050,0.0060,,,0.0030,,,,,,,,,,,,,,,,,,,,,,,,,https://focus-research.sk/files/234_Volebne%20preferencie%20politickych%20stran_september2017.pdf
AKO,2017-08-21,2017-08-23,FALSE,National,,1000,0.142,0.189,0.6690,,0.100%,,0.2500,0.1810,,0.0890,,0.0600,0.0940,,0.0910,,,0.1100,,,,0.0750,,,0.0390,,,,,,,0.0050,,,,0.0020,,0.0030,,,,,,,,,,,,,,,,,,,,,,,0.0010,,,,,,,,,,,,,,,,,,,,,,,,,,,,,,,,,https://ako.sk/wp-content/uploads/2010/05/AKO-PREFERENCIE-AUGUST-2017.pdf
Polis,2017-08-18,2017-08-23,FALSE,National,,1220,,,,,0.100%,,0.2730,0.1680,,0.0900,,0.0550,0.0720,,0.0720,,,0.1420,,,,0.0520,,,0.0420,,,,,,,,,,,,,,,,,,,,,,,,,,,,,,,,,,,,,,,,,,,,,,,,,,,,,,,,,,,,,,,,,,,,0.0340,https://domov.sme.sk/c/20633594/prieskum-polis-sns-vyrazne-stratila-predbehlo-ju-aj-olano.html
MEDIAN SK,2017-07-24,2017-08-20,FALSE,National,,1125,,,0.5300,704,0.500%,,0.2750,0.1550,,0.0900,,0.0800,0.0600,,0.1150,,,0.0850,,,,0.0600,,,0.0450,,,,,,,0.0100,,,,,,,,,,,,,,,,,,,,,,,,,,,,,,,,,,,,,,,,,,,,,,,,,,,,,,,,,,,,,0.0250,
Polis,2017-07-18,2017-07-24,FALSE,National,,1208,,,0.5500,,0.100%,,0.2780,0.1580,,0.0940,,0.0600,0.0640,,0.0950,,,0.1120,,,,0.0550,,,0.0470,,,,,,,,,,,0.0150,,0.0120,,,,,,,,,,,,,,,,,,,,,,,,,,,,,,,,,,,,,,,,,,,,,,,,,,,,,,,0.0100,https://www.noviny.sk/politika/246005-letny-prieskum-preferencii-bez-vyraznejsich-zmien-do-parlamentu-by-sa-dostalo-osem-stran
FOCUS,2017-07-13,2017-07-24,FALSE,National,,1025,0.192,0.142,0.6660,,0.100%,,0.2640,0.1420,,0.0920,,0.0630,0.0820,,0.1030,,,0.0910,,,,0.0620,,,0.0400,,,,,,,0.0070,,,,0.0150,,0.0120,,,,,,,,,,,,,,,,,0.0030,,0.0030,,,,0.0010,,,0.0060,0.0010,0.0060,,,0.0060,0.0010,,,,,,,,,,,,,,,,,,,,,,,,https://focus-research.sk/files/n212_Volebne%20preferencie%20politickych%20stran_jul2017.pdf
MEDIAN SK,2017-06-12,2017-07-23,TRUE,National,,,,,,,0.500%,,0.2800,0.1600,,0.1000,,0.0700,0.0650,,0.1050,,,0.0850,,,,0.0750,,,0.0400,,,,,,,0.0050,,,,,,,,,,,,,,,,,,,,,,,,,,,,,,,,,,,,,,,,,,,,,,,,,,,,,,,,,,,,,,https://www.median.sk/pdf/PAT2018/MEDIANSK_PAT11_PreferencieStran.pdf
AKO,2017-07-14,2017-07-19,FALSE,National,,1000,0.115,0.176,0.7090,,0.100%,,0.2580,0.1600,,0.0920,,0.0680,0.0860,,0.1040,,,0.1030,,,,0.0760,,,0.0310,,,,,,,0.0170,,,,0.0030,,0.0010,,,,,,,,,,,,,,,,,,,,,,,,,,,,,,,0.0010,,,,,,,,,,,,,,,,,,,,,,,,,https://ako.sk/wp-content/uploads/2017/07/AKO-PREFERENCIE-JUL-2017.pdf
AKO,2017-06-14,2017-06-19,FALSE,National,,1000,0.135,0.196,0.6690,,0.100%,,0.2600,0.1610,,0.1000,,0.0600,0.0870,,0.1170,,,0.0970,,,,0.0700,,,0.0310,,,,,,,0.0070,,,,0.0030,,0.0070,,,,,,,,,,,,,,,,,,,,,,,,,,,,,,,,,,,,,,,,,,,,,,,,,,,,,,,,https://ako.sk/wp-content/uploads/2016/02/AKO-PREFERENCIE-JUN-2017.pdf
Polis,2017-06-13,2017-06-19,FALSE,National,,1208,,,0.5700,,0.100%,,0.2800,0.1650,,0.0910,,0.0600,0.0740,,0.0950,,,0.1180,,,,0.0520,,,0.0530,,,,,,,,,,,,,0.0090,,,,,,,,,,,,,,,,,,,,,,,,,,,,,,,,,,,,,,,,,,,,,,,,,,,,,,,0.0030,https://spravy.pravda.sk/domace/clanok/433290-do-parlamentu-by-sa-dostalo-devat-stran-smk-predbehla-most-hid/
MEDIAN SK,2017-05-15,2017-06-11,FALSE,National,,1017,,,0.5200,591,0.500%,,0.2850,0.1550,,0.1050,,0.0650,0.0500,,0.1150,,,0.0800,,,,0.0600,,,0.0500,,,,,,,0.0150,,,,,,,,,,,,,,,,,,,,,,,,,,,,,,,,,,,,,,,,,,,,,,,,,,,,,,,,,,,,,0.0200,
FOCUS,2017-05-31,2017-06-04,FALSE,National,,1012,0.206,0.099,0.6950,,0.100%,,0.2620,0.1340,,0.0960,,0.0570,0.0740,,0.1020,,,0.1090,,,,0.0690,,,0.0400,,,,,,,0.0060,,,,0.0160,,0.0120,,,,,,,,,,,,,,,,,,,,,,,0.0030,,,0.0030,0.0010,0.0030,,,0.0050,0.0010,,,,,,,,,,,,,,,,,,,,,,,0.0070,https://focus-research.sk/files/n210_Volebne%20preferencie%20politickych%20stran_jun2017.pdf
Polis,2017-05-13,2017-05-19,FALSE,National,,1366,,,0.5200,,0.100%,,0.2880,0.1600,,0.0930,,0.0620,0.0680,,0.0930,,,0.1110,,,,0.0520,,,0.0470,,,,,,,,,,,0.0100,,0.0120,,,,,,,,,,,,,,,,,,,,,,,,,,,,,,,,,,,,,,,,,,,,,,,,,,,,,,,0.0040,https://domov.sme.sk/c/20538972/prieskum-polisu-do-parlamentu-by-sa-dostalo-osem-politickych-stran.html
MEDIAN SK,2017-04-17,2017-05-14,FALSE,National,,1078,,,0.5300,599,0.500%,,0.2850,0.1450,,0.1000,,0.0650,0.0650,,0.1150,,,0.0750,,,,0.0650,,,0.0450,,,,,,,0.0200,,,,,,,,,,,,,,,,,,,,,,,,,,,,,,,,,,,,,,,,,,,,,,,,,,,,,,,,,,,,,0.0200,
AKO,2017-04-24,2017-04-26,FALSE,National,,1000,0.118,0.177,0.7050,,0.100%,,0.2710,0.1760,,0.0890,,0.0620,0.0710,,0.1140,,,0.1050,,,,0.0640,,,0.0350,,,,,,,0.0060,,,,0.0030,,0.0040,,,,,,,,,,,,,,,,,,,,,,,,,,,,,,,,,,,,,,,,,,,,,,,,,,,,,,,,https://ako.sk/wp-content/uploads/2017/04/AKO-PREFERENCIE-april-2017-oprava.pdf
Polis,2017-04-20,2017-04-25,FALSE,National,,1353,0.21,0.24,0.5500,,0.100%,,0.2780,0.1470,,0.1170,,0.0520,0.0700,,0.0980,,,0.1190,,,,0.0530,,,0.0510,,,,,,,,,,,,,0.0100,,,,,,,,,,,,,,,,,,,,,,,,,,,,,,,,,,,,,,,,,,,,,,,,,,,,,,,0.0050,https://domov.sme.sk/c/20517916/prieskum-polis-volby-by-vyhral-smer-sas-posilnila.html
MEDIAN SK,2017-03-20,2017-04-16,TRUE,National,,,,,,,0.500%,,0.2800,0.1550,,0.1100,,0.0750,0.0700,,0.0950,,,0.0750,,,,0.0700,,,0.0400,,,,,,,0.0200,,,,,,,,,,,,,,,,,,,,,,,,,,,,,,,,,,,,,,,,,,,,,,,,,,,,,,,,,,,,,,https://www.median.sk/pdf/PAT2018/MEDIANSK_PAT11_PreferencieStran.pdf
FOCUS,2017-04-04,2017-04-09,FALSE,National,,1006,0.195,0.109,0.6960,,0.100%,,0.2660,0.1370,,0.0920,,0.0540,0.0810,,0.0990,,,0.1010,,,,0.0690,,,0.0430,,,,,,,0.0060,,,,0.0100,,0.0130,,,,,,,,,,,,,,,,,0.0010,,0.0030,,,,0.0020,,,0.0020,0.0060,0.0080,,,0.0060,,,,,,,,,,,,,,,,,,,,,,,,0.0010,https://focus-research.sk/files/n209_Volebne%20preferencie%20politickych%20stran_april2017.pdf
MEDIAN SK,2017-02-20,2017-03-19,FALSE,National,,1018,,,0.5350,599,0.500%,,0.2700,0.1600,,0.1000,,0.0650,0.0600,,0.1000,,,0.0900,,,,0.0700,,,0.0450,,,,,,,0.0150,,,,,,,,,,,,,,,,,,,,,,,,,,,,,,,,,,,,,,,,,,,,,,,,,,,,,,,,,,,,,0.0250,
Polis,2017-03-11,2017-03-17,FALSE,National,,1209,,,0.6100,,0.100%,,0.2750,0.1450,,0.1220,,0.0550,0.0700,,0.1030,,,0.1220,,,,0.0540,,,0.0340,,,,,,,,,,,,,0.0110,,,,,,,,,,,,,,,,,,,,,,,,,,,,,,,,,,,,,,,,,,,,,,,,,,,,,,,0.0090,https://domov.sme.sk/c/20488826/prieskum-polis-volby-by-vyhral-smer-kdh-by-predbehlo-most.html
AKO,2017-03-13,2017-03-15,FALSE,National,,1000,0.106,0.17,0.7240,,0.100%,,0.2800,0.1740,,0.0910,,0.0510,0.0660,,0.1130,,,0.1100,,,,0.0750,,,0.0220,,,,,,,0.0100,,,,0.0040,,,,,,,,,,,,,,,,,,,,,,,,,,,,0.0040,,,,,,,,,,,,,,,,,,,,,,,,,,,,,,https://ako.sk/wp-content/uploads/2017/03/AKO-PREFERENCIE-marec-2017.pdf
Polis,2017-02-18,2017-02-25,FALSE,National,,1311,0.18,0.2,0.6200,,0.100%,,0.2710,0.1380,,0.1210,,0.0540,0.0810,,0.0900,,,0.1300,,,,0.0540,,,0.0330,,,,,,,,,,,,,0.0100,,,,,,,,,,,,,,,,,,,,,,,,,,,,,,,,,,,,,,,,,,,,,,,,,,,,,,,0.0180,https://tvnoviny.sk/domace/clanok/60694-najnovsi-prieskum-koalicia-by-nevladla-chybalo-by-jej-az-10-kresiel
MEDIAN SK,2017-01-23,2017-02-19,FALSE,National,,1026,,,0.5350,619,0.500%,,0.2700,0.1550,,0.0950,,0.0600,0.0650,,0.1000,,,0.0950,,,,0.0650,,,0.0450,,,,,,,0.0200,,,,,,,,,,,,,,,,,,,,,,,,,,,,,,,,,,,,,,,,,,,,,,,,,,,,,,,,,,,,,0.0300,
FOCUS,2017-02-06,2017-02-18,FALSE,National,,1512,0.202,0.116,0.6820,,0.100%,,0.2550,0.1380,,0.0970,,0.0550,0.0850,,0.1010,,,0.1040,,,,0.0600,,,0.0430,,,,,,,0.0130,,,,0.0150,,0.0080,,,,,,,,,,,,,,,,,,,0.0020,,,,0.0020,,,0.0050,0.0060,0.0050,,,0.0030,0.0020,,,,,,,,,,,,,,,,,,,,,,,0.0010,https://www.focus-research.sk/files/n206_Volebne%20preferencie%20politickych%20stran_februar2017.pdf
AKO,2017-02-10,2017-02-14,FALSE,National,,1000,0.125,0.182,0.6930,,0.100%,,0.2770,0.1630,,0.0910,,0.0560,0.0660,,0.1140,,,0.1050,,,,0.0810,,,0.0290,,,,,,,0.0100,,,,0.0030,,0.0030,,,,,,,,,,,,,,,,,0.0020,,,,,,,,,,,,,,,,,,,,,,,,,,,,,,,,,,,,,,,https://ako.sk/wp-content/uploads/2017/02/AKO-PREFERENCIE-februar-2017.pdf
FOCUS,2017-01-21,2017-01-27,FALSE,National,,1008,0.205,0.105,0.6900,,0.100%,,0.2790,0.1320,,0.1020,,0.0530,0.0740,,0.1010,,,0.1020,,,,0.0640,,,0.0340,,,,,,,0.0090,,,,0.0140,,0.0120,,,,,,,,,,,,,,,,,,,0.0030,,,,0.0030,,,0.0030,0.0020,0.0070,,,0.0040,0.0020,,,,,,,,,,,,,,,,,,,,,,,,https://www.focus-research.sk/files/n204_Volebne%20preferencie%20politickych%20stran_januar2017.pdf
MEDIAN SK,2016-12-01,2017-01-22,FALSE,National,,1058,,,0.5350,660,0.500%,,0.2500,0.1500,,0.1050,,0.0700,0.0550,,0.1100,,,0.0800,,,,0.0750,,,0.0400,,,,,,,0.0200,,,,,,,,,,,,,,,,,,,,,,,,,,,,,,,,,,,,,,,,,,,,,,,,,,,,,,,,,,,,,0.0450,
Polis,2017-01-14,2017-01-20,FALSE,National,,1359,,,0.5600,,0.100%,,0.2740,0.1320,,0.1220,,0.0590,0.0740,,0.1000,,,0.1110,,,,0.0560,,,0.0440,,,,,,,,,,,,,0.0170,,,,,,,,,,,,,,,,,,,,,,,,,,,,,,,,,,,,,,,,,,,,,,,,,,,,,,,0.0110,https://domov.sme.sk/c/20440251/prieskum-polis-sas-predbehla-v-preferenciach-sns-do-parlamentu-by-sa-dostalo-aj-kdh.html
AKO,2017-01-02,2017-01-10,FALSE,National,,1000,0.14,0.183,0.6770,,0.100%,,0.2770,0.1310,,0.0870,,0.0710,0.0770,,0.1270,,,0.1150,,,,0.0610,,,0.0320,,,,,,,0.0120,,,,0.0030,,0.0060,,,,,,,,,,,,,,,,,,,,,,,,,,,,0.0010,,,,,,,,,,,,,,,,,,,,,,,,,,,,https://ako.sk/wp-content/uploads/2017/01/AKO-PREFERENCIE_janu%C3%A1r_2017.pdf
Polis,2016-12-11,2016-12-20,FALSE,National,,1275,,,0.6100,,0.100%,,0.2770,0.1590,,0.0950,,0.0550,0.0770,,0.1060,,,0.1100,,,,0.0600,,,0.0400,,,,,,,,,,,,,0.0120,,,,,,,,,,,,,,,,,,,,,,,,,,,,,,,,,,,,,,,,,,,,,,,,,,,,,,,0.0090,https://domov.sme.sk/c/20416258/prieskum-polis-volby-by-vyhral-smer-sns-klesli-referencie.html
AKO,2016-12-02,2016-12-09,FALSE,National,,1000,0.111,0.147,0.7420,,0.100%,,0.2680,0.1580,,0.0800,,0.0550,0.0840,,0.1410,,,0.1010,,,,0.0700,,,0.0290,,,,,,,0.0110,,,,0.0010,,0.0010,,,,,,,,,,,,,,,,,,,0.0010,,,,,,,,,,,,,,,,,,,,,,,,,,,,,,,,,,,,,https://ako.sk/wp-content/uploads/2016/12/AKO-PREFERENCIE_december_2016_.pdf
MEDIAN SK,2016-10-17,2016-11-30,TRUE,National,,,,,,,0.500%,,0.2950,0.1500,,0.0700,,0.0650,0.0500,,0.1100,,,0.0950,,,,0.0700,,,0.0400,,,,,,,0.0200,,,,,,,,,,,,,,,,,,,,,,,,,,,,,,,,,,,,,,,,,,,,,,,,,,,,,,,,,,,,,,https://www.median.sk/pdf/PAT2018/MEDIANSK_PAT11_PreferencieStran.pdf
FOCUS,2016-11-23,2016-11-29,FALSE,National,,1008,0.168,0.104,0.7280,,0.100%,,0.2330,0.1360,,0.0820,,0.0590,0.0790,,0.1370,,,0.0880,,,,0.0680,,,0.0440,,,,,,,0.0120,,,,0.0080,0.0010,0.0100,,,,,,,,,,,,,,,,,,,0.0060,,,,0.0040,,,0.0070,0.0010,0.0080,,,0.0090,0.0010,,,,,,,,,,,,,,,,,,,,,,,0.0070,https://www.focus-research.sk/files/n203_Volebne%20preferencie%20politickych%20stran_december%202016.pdf
AKO,2016-11-03,2016-11-10,FALSE,National,,1000,0.141,0.198,0.6610,,0.100%,,0.2750,0.1540,,0.0890,,0.0560,0.0690,,0.1440,,,0.1000,,,,0.0610,,,0.0350,,,,,,,0.0120,,,,0.0020,,0.0030,,,,,,,,,,,,,,,,,,,,,,,,,,,,,,,,,,,,,,,,,,,,,,,,,,,,,,,,https://ako.sk/wp-content/uploads/2016/11/AKO-PREFERENCIE_november_2016.pdf
FOCUS,2016-10-28,2016-11-07,FALSE,National,,1020,0.196,0.092,0.7120,,0.100%,,0.2690,0.1210,,0.0800,,0.0630,0.0750,,0.1280,,,0.0840,,,,0.0670,,,0.0390,,,,,,,0.0160,,,,0.0140,,0.0150,,,,,,,,,,,,,,,,,,,0.0020,,,,0.0060,,,0.0010,0.0050,0.0050,,,0.0050,0.0020,,,,,,,,,,,,,,,,,,,,,,,0.0030,https://www.focus-research.sk/files/n202_Volebne%20preferencie%20politickych%20stran_november%202016.pdf
AKO,2016-10-17,2016-10-22,FALSE,National,,1000,0.134,0.189,0.6770,,0.100%,,0.2750,0.1770,,0.0640,,0.0590,0.0620,,0.1540,,,0.0870,,,,0.0720,,,0.0370,,,,,,,0.0070,,,,0.0020,,0.0040,,,,,,,,,,,,,,,,,,,,,,,,,,,,,,,,,,,,,,,,,,,,,,,,,,,,,,,,https://ako.sk/wp-content/uploads/2016/10/AKO-PREFERENCIE_okt%C3%B3ber_2016.pdf
Polis,2016-10-15,2016-10-22,FALSE,National,,1409,,,0.6200,,0.100%,,0.2710,0.1400,,0.0850,,0.0460,0.0680,,0.1400,,,0.1010,,,,0.0820,,,0.0390,,,,,,,,,,,,,0.0170,,,,,,,,,,,,,,,,,,,,,,,,,,,,,,,,,,,,,,,,,,,,,,,,,,,,,,,0.0110,https://spravy.pravda.sk/domace/clanok/409313-prieskum-volby-by-vyhral-smer-mimo-parlamentu-by-ostalo-kdh/
MEDIAN SK,2016-09-19,2016-10-16,FALSE,National,,991,,,0.5250,558,0.500%,,0.3050,0.1450,,0.0900,,0.0600,0.0450,,0.1100,,,0.0900,,,,0.0650,,,0.0400,,,,,,,0.0200,,,,,,,,,,,,,,,,,,,,,,,,,,,,,,,,,,,,,,,,,,,,,,,,,,,,,,,,,,,,,,https://www.median.sk/sk/wp-content/uploads/2016/11/MEDIANSK_PreferencieStran_2016_10.pdf
MEDIAN SK,2016-08-22,2016-09-22,FALSE,National,,984,,,0.5400,612,0.500%,,0.3050,0.1500,,0.1050,,0.0600,0.0350,,0.1250,,,0.0800,,,,0.0750,,,0.0350,,,,,,,0.0200,,,,,,,,,,,,,,,,,,,,,,,,,,,,,,,,,,,,,,,,,,,,,,,,,,,,,,,,,,,,,0.0100,
AKO,2016-09-12,2016-09-20,FALSE,National,,1000,0.128,0.246,0.6260,,0.100%,,0.2960,0.1750,,0.0950,,0.0420,0.0430,,0.1310,,,0.1110,,,,0.0580,,,0.0260,,,,,,,0.0080,,,,0.0060,,0.0030,,,,,,,,,,,,,,,,,,,,,,,,,0.0020,,0.0020,,,,,0.0020,,,,,,,,,,,,,,,,,,,,,,,,https://ako.sk/wp-content/uploads/2016/09/AKO-PREFERENCIE_september_2016.pdf
FOCUS,2016-09-08,2016-09-14,FALSE,National,,1009,0.189,0.095,0.7160,,0.100%,,0.2770,0.1350,,0.0820,,0.0600,0.0680,,0.1260,,,0.0830,,,,0.0770,,,0.0360,,,,,,,0.0140,,,,0.0090,,0.0120,,,,,,,,,,,,,,,,,,,,,,,,,,0.0060,0.0030,0.0080,,,0.0040,,,,,,,,,,,,,,,,,,,,,,,,,https://www.focus-research.sk/files/n201_Volebne%20preferencie%20politickych%20stran_september%202016.pdf
MEDIAN SK,2016-07-25,2016-08-21,FALSE,National,,1014,,,0.5600,683,0.500%,,0.2900,0.1600,,0.0950,,0.0600,0.0300,,0.1250,,,0.1000,,,,0.0700,,,0.0300,,,,,,,0.0250,,,,,,,,,,,,,,,,,,,,,,,,,,,,,,,,,,,,,,,,,,,,,,,,,,,,,,,,,,,,,0.0150,
FOCUS,2016-08-11,2016-08-16,FALSE,National,,1002,0.14,0.093,0.7670,,0.100%,,0.2700,0.1370,,0.0970,,0.0460,0.0690,,0.1400,,,0.0890,,,,0.0610,,,0.0360,,,,,,,0.0140,,,,0.0110,,0.0090,,,,,,,,,,,,,,,,,,,,,,,,,,0.0030,0.0030,0.0050,,,0.0050,0.0020,,,,,,,,,,,,,,,,,,,,,,,0.0030,https://www.focus-research.sk/files/215_Volebne%20preferencie%20politickych%20stran_august%202016.pdf
AKO,2016-07-22,2016-07-28,FALSE,National,,1000,0.115,0.112,0.7730,,0.100%,,0.2990,0.1710,,0.0700,,0.0410,0.0500,,0.1400,,,0.1160,,,,0.0630,,,0.0280,,,,,,,0.0100,,,,0.0040,,0.0030,,,,,,,,,,,,,,,,,0.0020,,,,,,,,,0.0030,,,,,,,,,,,,,,,,,,,,,,,,,,,,,,https://ako.sk/wp-content/uploads/2016/07/ag.-AKO-PREFERENCIE_jul_2016-1.pdf
Polis,2016-06-25,2016-07-01,FALSE,National,,1433,0.2,0.2,0.6000,,0.100%,,0.2620,0.1660,,0.0900,,0.0510,0.0480,,0.1350,,,0.1070,,,,0.0540,,,0.0450,,,,,,,0.0110,,,,,,,,,,,,,,,,,,,,,,,,,,,,,,,,,,,,,,,,,,,,,,,,,,,,,,,,,,,,,0.0310,https://domov.sme.sk/c/20208665/prieskum-polis-kdh-by-sa-dostalo-do-parlamentu-kollarovci-mimo.html
FOCUS,2016-06-14,2016-06-20,FALSE,National,,1003,0.214,0.089,0.6970,,0.100%,,0.2640,0.1410,,0.0990,,0.0480,0.0690,,0.1450,,,0.0840,,,,0.0590,,,0.0350,,,,,,,0.0140,,,,0.0080,,0.0130,,,,,,,,,,,,,,,,,0.0010,,0.0050,,,,,,,0.0040,0.0040,0.0060,,,,,0.0010,,,,,,,,,,,,,,,,,,,,,,,https://www.focus-research.sk/files/n191_Volebne%20preferencie%20politickych%20stran_jun%202016.pdf
AKO,2016-05-04,2016-05-10,FALSE,National,,1000,0.081,0.148,0.7710,,0.100%,,0.2980,0.1620,,0.0710,,0.0420,0.0580,,0.1240,,,0.1170,,,,0.0710,,,0.0340,,,,,,,0.0180,,,,0.0010,,0.0030,,,,,,,,,,,,,,,,,,,,,,,,,,0.0010,,,,,,,,,,,,,,,,,,,,,,,,,,,,,,https://ako.sk/wp-content/uploads/2016/05/ag.-AKO-PREFERENCIE-MAJ-2016.pdf
FOCUS,2016-05-03,2016-05-09,FALSE,National,,1003,0.198,0.112,0.6900,,0.100%,,0.2870,0.1300,,0.0880,,0.0430,0.0590,,0.1120,,,0.0890,,,,0.0600,,,0.0400,,,,,,,0.0350,,,,0.0090,,0.0090,,,,,,,,,,,,,,,,,,,0.0050,,,,,,0.0010,0.0040,0.0020,0.0080,,,0.0070,0.0010,0.0040,,,,,,,,,,,,,,,,,,,,,,0.0070,https://www.focus-research.sk/files/n189_Volebne%20preferencie%20politickych%20stran_maj%202016.pdf
Polis,2016-04-22,2016-04-29,FALSE,National,,1502,,,0.6000,,0.100%,,0.3070,0.1450,,0.0950,,0.0390,0.0420,,0.1220,,,0.0980,,,,0.0600,,,0.0420,,,,,,,0.0200,,,,,,,,,,,,,,,,,,,,,,,,,,,,,,,,,,,,,,,,,,,,,,,,,,,,,,,,,,,,,0.0300,https://domov.sme.sk/c/20152954/prieskum-polis-do-parlamentu-by-islo-sest-stran-siet-by-sa-nedostala.html
AKO,2016-04-04,2016-04-07,FALSE,National,,1000,0.091,0.102,0.8070,,0.100%,,0.2880,0.1620,,0.0690,,0.0440,0.0540,,0.1370,,,0.1090,,,,0.0650,,,0.0380,,,,,,,0.0180,,,,0.0030,,0.0060,,,,,,,,,,,,,,,,,,,0.0010,,,,,,,0.0030,,0.0010,,,0.0010,,,,,,,,,,,,,,,,,,,,,,,,0.0010,https://ako.sk/wp-content/uploads/2016/04/ag.-AKO-PREFERENCIE-april-2016.pdf
FOCUS,2016-03-11,2016-03-16,FALSE,National,,1023,0.196,0.05,0.7540,,0.100%,,0.2750,0.1250,,0.1000,,0.0410,0.0780,,0.1110,,,0.0880,,,,0.0590,,,0.0430,,,,,,,0.0360,,,,0.0070,,0.0110,,,,,,,,,,,,,,,,,0.0010,,0.0040,,,,,,0.0010,0.0050,0.0030,0.0010,,,0.0060,,0.0010,0.0030,,,,,,,,,,,,,,,,,,,,,0.0010,https://www.focus-research.sk/files/n187_FOCUS_Hodnotenie%20parlamentnych%20volieb%202016%20+%20Volebne%20preferencie_marec2016.pdf
Polis,2016-03-10,2016-03-14,FALSE,National,,1096,,,0.6100,,0.100%,,0.3000,0.1590,,0.1100,,0.0390,0.0440,,0.1190,,,0.0950,,,,0.0520,,,0.0470,,,,,,,0.0230,,,,,,,,,,,,,,,,,,,,,,,,,,,,,,,,,,,,,,,,,,,,,,,,,,,,,,,,,,,,,0.0120,https://spravy.pravda.sk/domace/clanok/386787-prieskum-verejnost-ocakava-predcasne-volby/
ELECTION,2016-03-05,2016-03-05,FALSE,National,,4426760,,,0.5982,2607750,0.001%,,0.28280,0.12101,,0.11029,,0.04943,0.06629,,0.08643,,,0.08044,,,,0.06503,,,0.04045,,,,,,,0.05607,,,,0.00673,,0.00624,,,,,,,,,,,,,,,,,0.00093,,0.00122,,,,0.00138,,0.00131,0.00835,0.00175,0.00266,,,0.00250,0.00077,0.00068,0.00723,,,,,,,,,,,,,,,,,,,,,,
