Polling Firm,Fieldwork Start,Fieldwork End,Period Estimated,Scope,Variant,Sample Size,Z. Čaputová,P. Pellegrini,M. Š. Eštok,Ľ. Ódor,R. Sulík,I. Korčok,B. Gröhling,R. Fico,E. Heger,B. Kollár,M. Uhrík,M. Majerský,A. Hlina,A. Danko,M. Šimečka,I. Biháriová,M. Truban,V. Remišová,A. Kiska,M. Kotleba,I. Matovič,L. Gubík,K. Forró,G. Bárdos,B. Bugár,T. Drucker,M. Kollár,M. Beblavý,Š. Harabin,I. Mikloš,M. Dzurinda,L. Ď. Nicholsonová,T. Taraba,M. Krajniak,J. Naď,M. Kolíková,Source
FOCUS,2025-02-07,2025-02-12,FALSE,General,Trust,1010,,0.520,0.340,,,,0.290,0.340,,,0.270,0.300,,0.200,0.330,,,,,,0.190,0.090,,,,,,,,,,,,,0.230,,https://360tka.sk/360tka/articles/prieskum-lidri-februar
FOCUS,2025-02-07,2025-02-12,FALSE,General,Distrust,1010,,0.480,0.620,,,,0.650,0.650,,,0.640,0.600,,0.780,0.640,,,,,,0.790,0.450,,,,,,,,,,,,,0.700,,https://360tka.sk/360tka/articles/prieskum-lidri-februar
FOCUS,2025-02-07,2025-02-12,FALSE,Government,Trust,1010,,,0.370,,,,,0.350,,,,,,,,,,,,,,,,,,0.420,,,,,,,,,,,
FOCUS,2025-02-07,2025-02-12,FALSE,Government,Distrust,1010,,,0.580,,,,,0.630,,,,,,,,,,,,,,,,,,0.530,,,,,,,,,,,
IPSOS,2025-01-13,2025-01-17,FALSE,General,Trust,1031,0.440,0.450,0.300,,,0.350,0.250,0.330,,0.190,0.280,0.210,,0.170,0.280,,,,,,0.200,0.050,,,,,,,,,,,,,0.200,,https://flo.uri.sh/visualisation/20147665/embed
IPSOS,2025-01-13,2025-01-17,FALSE,General,Distrust,1031,0.490,0.470,0.540,,,0.530,0.530,0.590,,0.680,0.460,0.450,,0.720,0.580,,,,,,0.710,0.260,,,,,,,,,,,,,0.580,,https://flo.uri.sh/visualisation/20147665/embed
FOCUS,2024-11-06,2024-11-13,FALSE,Government,Trust,1018,,,0.370,,,,,0.350,,,,,,,,,,,,,,,,,,0.390,,,,,,,,,,,https://360tka.sk/360tka/articles/prieskum-ministri
FOCUS,2024-11-06,2024-11-13,FALSE,Government,Distrust,1018,,,0.570,,,,,0.630,,,,,,,,,,,,,,,,,,0.540,,,,,,,,,,,https://360tka.sk/360tka/articles/prieskum-ministri
FOCUS,2024-11-06,2024-11-13,FALSE,General,Trust,1018,,0.500,0.360,,,,0.250,0.330,,,0.240,0.240,,0.170,0.290,,,,,,0.120,0.070,,,,,,,,,,,,,0.160,,https://360tka.sk/360tka/articles/prieskum-doveryhodnosti
FOCUS,2024-11-06,2024-11-13,FALSE,General,Distrust,1018,,0.490,0.590,,,,0.670,0.650,,,0.650,0.650,,0.810,0.680,,,,,,0.860,0.430,,,,,,,,,,,,,0.760,,https://360tka.sk/360tka/articles/prieskum-doveryhodnosti
IPSOS,2024-10-27,2024-11-01,FALSE,General,Trust,1003,0.440,0.470,0.300,,,0.350,0.260,0.320,,,0.240,0.220,,0.160,0.290,,,,,,0.160,,0.120,,,,,,,,,,,,0.180,,https://flo.uri.sh/visualisation/20147665/embed
IPSOS,2024-10-27,2024-11-01,FALSE,General,Distrust,1003,0.470,0.450,0.510,,,0.540,0.530,0.580,,,0.520,0.430,,0.690,0.570,,,,,,0.750,,0.400,,,,,,,,,,,,0.600,,https://flo.uri.sh/visualisation/20147665/embed
AKO,2024-10-08,2024-10-17,FALSE,General,Trust,1000,,0.510,0.364,,,,0.363,0.323,,0.199,0.250,0.384,,0.174,0.399,,,,,,0.174,0.075,,,,,,,,,,,,,0.287,,https://ako.sk/wp-content/uploads/2024/10/ag.AKO_Doveryhodnost-lidri-_OKTOBER-2024.pdf
AKO,2024-10-08,2024-10-17,FALSE,General,Distrust,1000,,0.459,0.543,,,,0.528,0.642,,0.750,0.597,0.452,,0.786,0.517,,,,,,0.798,0.353,,,,,,,,,,,,,0.573,,https://ako.sk/wp-content/uploads/2024/10/ag.AKO_Doveryhodnost-lidri-_OKTOBER-2024.pdf
AKO,2024-06-11,2024-06-18,FALSE,General,Trust,1000,0.588,0.578,0.385,,,,0.325,0.454,,,,0.386,,0.196,0.357,,,,,,0.157,,,,,,,,,,,,,,,,https://plus.noviny.sk/943906-exkluzivny-prieskum-ako-pre-tv-joj-kto-je-najdoveryhodnejsi-politik-najhorsie-skoncil-matovic
AKO,2024-06-11,2024-06-18,FALSE,General,Distrust,1000,0.368,0.391,0.457,,,,0.506,0.516,,,,0.359,,0.735,0.515,,,,,,0.798,,,,,,,,,,,,,,,,https://plus.noviny.sk/943906-exkluzivny-prieskum-ako-pre-tv-joj-kto-je-najdoveryhodnejsi-politik-najhorsie-skoncil-matovic
IPSOS,2024-06-26,2024-07-01,FALSE,General,Trust,1017,0.470,0.530,0.310,,,0.370,0.240,0.380,,,0.260,0.230,,0.220,0.290,,,,,,0.170,,0.140,,,,,,,,,,,,0.200,,https://dennikn.sk/4077963/prezident-pellegrini-nastupuje-s-doverou-vyse-polovice-ludi-zuzana-caputova-mala-v-uvode-menej-ale-potom-rastla/?ref=mwat
IPSOS,2024-06-26,2024-07-01,FALSE,General,Distrust,1017,0.450,0.420,0.490,,,0.510,0.530,0.550,,,0.490,0.430,,0.660,0.540,,,,,,0.760,,0.410,,,,,,,,,,,,0.600,,https://dennikn.sk/4077963/prezident-pellegrini-nastupuje-s-doverou-vyse-polovice-ludi-zuzana-caputova-mala-v-uvode-menej-ale-potom-rastla/?ref=mwat
FOCUS,2024-04-17,2024-04-24,FALSE,General,Trust,1017,0.450,0.470,,,,0.370,0.290,0.350,,,0.260,0.280,,0.230,0.300,,,,,,0.130,,0.220,,,,,,,,,,,,0.220,,https://tvnoviny.sk/domace/clanok/894288-prieskum-obrovske-prekvapenie-predsedov-politickych-stran-prevalcovalo-v-rebricku-zname-meno
FOCUS,2024-04-17,2024-04-24,FALSE,General,Distrust,1017,0.540,0.520,,,,0.620,0.640,0.640,,,0.630,0.630,,0.750,0.660,,,,,,0.860,,0.600,,,,,,,,,,,,0.710,,https://tvnoviny.sk/domace/clanok/894288-prieskum-obrovske-prekvapenie-predsedov-politickych-stran-prevalcovalo-v-rebricku-zname-meno
FOCUS,2024-03-28,2024-04-02,FALSE,Government,Trust,1015,,,,,,,,,,,,,,,,,,,,,,,,,,,,,,,,,,,,,https://tvnoviny.sk/domace/clanok/890242-exkluzivny-prieskum-doveryhodnosti-clenov-ficovho-kabinetu-taraba-si-polepsil-najviac-zo-vsetkych-ministrov
FOCUS,2024-03-28,2024-04-02,FALSE,Government,Distrust,1015,,,,,,,,,,,,,,,,,,,,,,,,,,,,,,,,,,,,,https://tvnoviny.sk/domace/clanok/890242-exkluzivny-prieskum-doveryhodnosti-clenov-ficovho-kabinetu-taraba-si-polepsil-najviac-zo-vsetkych-ministrov
FOCUS,2024-03-28,2024-04-02,FALSE,General,Trust,1015,0.450,0.490,,,0.220,,,0.360,,,0.260,0.280,,0.240,0.290,,,,,,0.150,,0.220,,,,,,,,,,,,0.210,,https://tvnoviny.sk/domace/clanok/890298-exkluzivny-prieskum-doveryhodnosti-politikov-ukazuje-znacne-rozdiely-medzi-lidrami-koalicie
FOCUS,2024-03-28,2024-04-02,FALSE,General,Distrust,1015,0.540,0.500,,,0.760,,,0.640,,,0.630,0.610,,0.750,0.660,,,,,,0.840,,0.590,,,,,,,,,,,,0.730,,https://tvnoviny.sk/domace/clanok/890298-exkluzivny-prieskum-doveryhodnosti-politikov-ukazuje-znacne-rozdiely-medzi-lidrami-koalicie
FOCUS,2024-02-14,2024-02-21,FALSE,General,Trust,1025,0.430,0.470,,,0.200,,,0.340,,,0.250,0.280,,0.220,0.290,,,,,,0.130,,0.120,,,,,,,,,,,,0.190,,https://tvnoviny.sk/na-telo/clanok/884254-exkluzivny-prieskum-doveryhodnosti-na-cele-je-pellegrini-jeden-z-koalicnych-lidrov-si-vyrazne-pohorsil
FOCUS,2024-02-14,2024-02-21,FALSE,General,Distrust,1025,0.560,0.520,,,0.780,,,0.650,,,0.630,0.600,,0.760,0.670,,,,,,0.870,,0.540,,,,,,,,,,,,0.720,,https://tvnoviny.sk/na-telo/clanok/884254-exkluzivny-prieskum-doveryhodnosti-na-cele-je-pellegrini-jeden-z-koalicnych-lidrov-si-vyrazne-pohorsil
IPSOS,2024-01-22,2024-01-25,FALSE,General,Trust,1022,0.450,0.440,,,0.180,0.340,,0.360,,,0.230,0.210,,0.220,0.270,,,,,,0.140,,0.070,,,,,,0.220,,,,,,,,https://flo.uri.sh/visualisation/16612038/embed
IPSOS,2024-01-22,2024-01-25,FALSE,General,Distrust,1022,0.450,0.450,,,0.700,0.410,,0.520,,,0.500,0.430,,0.640,0.490,,,,,,0.770,,0.290,,,,,,0.620,,,,,,,,https://flo.uri.sh/visualisation/16612038/embed
SANEP,2023-12-13,2023-12-19,FALSE,General,Trust,1578,,,,,,,,,,,,,,,,,,,,,,,,,,,,,,,,,,,,,https://spravy.pravda.sk/domace/clanok/693822-sanep-o-doveryhodnosti-politikov-pelegrinimu-narastla-popularita-viac-ako-inym/?utm_source=pravda&utm_medium=hp-box&utm_campaign=shp_9clanok_box
SANEP,2023-12-13,2023-12-19,FALSE,General,Distrust,1578,,,,,,,,,,,,,,,,,,,,,,,,,,,,,,,,,,,,,https://spravy.pravda.sk/domace/clanok/693822-sanep-o-doveryhodnosti-politikov-pelegrinimu-narastla-popularita-viac-ako-inym/?utm_source=pravda&utm_medium=hp-box&utm_campaign=shp_9clanok_box
IPSOS,2023-12-13,2023-12-18,FALSE,General,Trust,1048,0.450,0.460,,,0.200,,,0.360,,,,0.230,,0.290,0.280,,,,,,0.160,,,,,,,,,,,,,,,,https://flo.uri.sh/visualisation/16206642/embed
IPSOS,2023-12-13,2023-12-18,FALSE,General,Distrust,1048,0.470,0.450,,,0.710,,,0.560,,,,0.430,,0.600,0.540,,,,,,0.770,,,,,,,,,,,,,,,,https://flo.uri.sh/visualisation/16206642/embed
MEDIAN SK,2023-11-13,2023-12-17,FALSE,General,Trust,1086,0.340,0.370,,,0.130,,,0.330,0.150,0.160,0.170,0.120,,0.200,0.190,,,,,0.090,0.070,,0.100,,,,,,,,,,,,,,https://www.median.sk/pdf/OSTATNE/4523500_PAT12_INSTIT_v04.pdf
MEDIAN SK,2023-11-13,2023-12-17,FALSE,General,Distrust,1086,0.560,0.530,,,0.750,,,0.570,0.740,0.730,0.680,0.700,,0.670,0.680,,,,,0.780,0.830,,0.560,,,,,,,,,,,,,,https://www.median.sk/pdf/OSTATNE/4523500_PAT12_INSTIT_v04.pdf
FOCUS,2023-11-15,2023-11-22,FALSE,General,Trust,1015,0.420,0.460,,,0.230,,,0.370,,,0.260,0.250,,0.300,0.270,,,,,,0.110,,0.100,,,,,,,,,,,,,,https://tvnoviny.sk/na-telo/clanok/871838-prieskum-doveryhodnosti-pellegrini-sa-vzdialil-ficovi-vyrazny-skok-jedneho-z-opozicnych-lidrov
FOCUS,2023-11-15,2023-11-22,FALSE,General,Distrust,1015,0.560,0.520,,,0.740,,,0.620,,,0.650,0.630,,0.670,0.650,,,,,,0.870,,0.550,,,,,,,,,,,,,,https://tvnoviny.sk/na-telo/clanok/871838-prieskum-doveryhodnosti-pellegrini-sa-vzdialil-ficovi-vyrazny-skok-jedneho-z-opozicnych-lidrov
FOCUS,2023-11-15,2023-11-22,FALSE,Government,Trust,1015,,,,,,,,,,,,,,,,,,,,,,,,,,0.430,,,,,,,0.350,,,,https://tvnoviny.sk/na-telo/clanok/870823-prieskum-doveryhodnosti-ministrov-vlady-roberta-fica-ovladla-jedna-strana
FOCUS,2023-11-15,2023-11-22,FALSE,Government,Distrust,1015,,,,,,,,,,,,,,,,,,,,,,,,,,0.470,,,,,,,0.480,,,,https://tvnoviny.sk/na-telo/clanok/870823-prieskum-doveryhodnosti-ministrov-vlady-roberta-fica-ovladla-jedna-strana
AKO,2023-11-07,2023-11-14,FALSE,Government,Trust,1000,,0.550,,,,,,0.400,,,,,,,,,,,,,,,,,,0.450,,,,,,,0.330,,,,https://plus.noviny.sk/863162-exkluzivny-prieskum-ako-pre-na-hrane-kto-su-najdoveryhodnejsi-clenovia-novej-vlady-a-ktori-najmenej
AKO,2023-11-07,2023-11-14,FALSE,Government,Distrust,1000,,0.390,,,,,,0.540,,,,,,,,,,,,,,,,,,0.310,,,,,,,0.380,,,,https://plus.noviny.sk/863162-exkluzivny-prieskum-ako-pre-na-hrane-kto-su-najdoveryhodnejsi-clenovia-novej-vlady-a-ktori-najmenej
SANEP,2023-10-19,2023-10-24,FALSE,General,Trust,1625,,,,,,,,,,,,,,,,,,,,,,,,,,,,,,,,,,,,,https://spravy.pravda.sk/domace/clanok/686460-sanep-o-doveryhodnosti-politikov-fico-a-pellegrini-si-polepsili-caputovej-ubudlo/?utm_source=pravda&utm_medium=hp-box&utm_campaign=shp_9clanok_box
SANEP,2023-10-19,2023-10-24,FALSE,General,Distrust,1625,,,,,,,,,,,,,,,,,,,,,,,,,,,,,,,,,,,,,https://spravy.pravda.sk/domace/clanok/686460-sanep-o-doveryhodnosti-politikov-fico-a-pellegrini-si-polepsili-caputovej-ubudlo/?utm_source=pravda&utm_medium=hp-box&utm_campaign=shp_9clanok_box
SANEP,2023-09-17,2023-09-25,FALSE,General,Trust,1697,,,,,,,,,,,,,,,,,,,,,,,,,,,,,,,,,,,,,https://www.ta3.com/clanok/903161/exkluzivny-prieskum-pre-ta3-smer-ssd-vedie-koalicia-olano-a-priatelia-by-sa-do-parlamentu-nedostala
SANEP,2023-09-17,2023-09-25,FALSE,General,Distrust,1697,,,,,,,,,,,,,,,,,,,,,,,,,,,,,,,,,,,,,https://www.ta3.com/clanok/903161/exkluzivny-prieskum-pre-ta3-smer-ssd-vedie-koalicia-olano-a-priatelia-by-sa-do-parlamentu-nedostala
SANEP,2023-08-27,2023-09-02,FALSE,General,Trust,1635,0.310,0.260,,,0.160,,,0.320,0.190,0.190,0.150,0.120,,0.090,0.180,,,0.070,,0.090,0.100,,,,,,,,,,0.080,,,,,,https://spravy.pravda.sk/domace/clanok/680063-doveryhodnost-politikov-pellegrini-je-na-spici-podla-focus-u-fico-u-sanep-u-caputova-cuva/?utm_source=pravda&utm_medium=hp-box&utm_campaign=shp_9clanok_box
SANEP,2023-08-27,2023-09-02,FALSE,General,Distrust,1635,0.530,0.540,,,0.650,,,0.520,0.610,0.630,0.590,0.550,,0.660,0.500,,,0.610,,0.650,0.680,,,,,,,,,,0.640,,,,,,https://spravy.pravda.sk/domace/clanok/680063-doveryhodnost-politikov-pellegrini-je-na-spici-podla-focus-u-fico-u-sanep-u-caputova-cuva/?utm_source=pravda&utm_medium=hp-box&utm_campaign=shp_9clanok_box
FOCUS,2023-08-09,2023-08-16,FALSE,General,Trust,1009,0.360,0.400,,0.260,0.160,,,0.370,0.160,0.220,0.290,0.230,,0.290,0.190,,,,,0.140,0.080,,0.100,,,,,,,,,,,,,,https://tvnoviny.sk/na-telo/clanok/855562-prieskum-doveryhodnosti-caputovu-predbehol-pellegrini-aj-fico-medzi-nerozhodnutymi-boduju-aj-danko-a-uhrik
FOCUS,2023-08-09,2023-08-16,FALSE,General,Distrust,1009,0.630,0.590,,0.640,0.830,,,0.620,0.830,0.770,0.610,0.610,,0.680,0.680,,,,,0.830,0.910,,0.580,,,,,,,,,,,,,,https://tvnoviny.sk/na-telo/clanok/855562-prieskum-doveryhodnosti-caputovu-predbehol-pellegrini-aj-fico-medzi-nerozhodnutymi-boduju-aj-danko-a-uhrik
IPSOS,2023-08-10,2023-08-14,FALSE,General,Trust,1003,0.420,0.320,,0.330,0.190,0.280,,0.320,0.210,0.250,0.230,0.170,,0.220,0.190,,,,,,0.140,,0.060,,,,,,,,,,,,,,https://dennikn.sk/3537302/pellegrinimu-v-lete-necakane-spadla-dovera-ocitol-sa-za-ficom-a-odorom-popularita-rastie-korcokovi-prieskum-ipsosu/?ref=mwat
IPSOS,2023-08-10,2023-08-14,FALSE,General,Distrust,1003,0.490,0.580,,0.390,0.700,0.410,,0.580,0.650,0.650,0.490,0.370,,0.620,0.450,,,,,,0.780,,0.320,,,,,,,,,,,,,,https://dennikn.sk/3537302/pellegrinimu-v-lete-necakane-spadla-dovera-ocitol-sa-za-ficom-a-odorom-popularita-rastie-korcokovi-prieskum-ipsosu/?ref=mwat
SANEP,2023-08-06,2023-08-13,FALSE,General,Trust,1726,0.300,0.230,,,0.140,,,0.310,0.210,0.190,0.140,0.120,,0.090,0.200,,,0.080,,0.080,0.110,,,,,,,,,,0.080,,,,,,https://spravy.pravda.sk/domace/clanok/677926-prieskum-sanep-pre-ta3-fico-prvykrat-preskocil-caputovu-v-rebricku-dovery/?utm_source=pravda&utm_medium=hp-box&utm_campaign=shp_3clanok_box
SANEP,2023-08-06,2023-08-13,FALSE,General,Distrust,1726,0.520,0.560,,,0.660,,,0.510,0.600,0.630,0.580,0.560,,0.670,0.480,,,0.600,,0.660,0.690,,,,,,,,,,0.640,,,,,,https://spravy.pravda.sk/domace/clanok/677926-prieskum-sanep-pre-ta3-fico-prvykrat-preskocil-caputovu-v-rebricku-dovery/?utm_source=pravda&utm_medium=hp-box&utm_campaign=shp_3clanok_box
SANEP,2023-07-23,2023-07-30,FALSE,General,Trust,1675,0.300,0.240,,,0.130,,,0.300,0.230,0.190,0.140,0.120,,0.080,0.200,,,0.080,,0.080,0.110,,,,,,,,,,0.100,,,,,,https://spravy.pravda.sk/domace/clanok/676717-prieskum-sanep-pre-ta3-o-doveryhodnosti-politikov-fico-sa-dotiahol-na-caputovu/
SANEP,2023-07-23,2023-07-30,FALSE,General,Distrust,1675,0.520,0.560,,,0.670,,,0.530,0.590,0.620,0.590,0.560,,0.680,0.480,,,0.590,,0.660,0.690,,,,,,,,,,0.610,,,,,,https://spravy.pravda.sk/domace/clanok/676717-prieskum-sanep-pre-ta3-o-doveryhodnosti-politikov-fico-sa-dotiahol-na-caputovu/
SANEP,2023-07-09,2023-07-16,FALSE,General,Trust,1542,0.300,0.270,,,0.120,,,0.290,0.230,0.190,0.150,0.110,,0.080,0.130,,,0.070,,0.080,0.110,,,,,,,,,,0.100,,,,,,https://spravy.pravda.sk/domace/clanok/676309-prieskumy-fico-je-lidorom-do-nepohody-caputova-tesne-vedie-rebricek-dovery/
SANEP,2023-07-09,2023-07-16,FALSE,General,Distrust,1542,0.520,0.540,,,0.670,,,0.540,0.580,0.620,0.580,0.560,,0.680,0.500,,,0.590,,0.650,0.690,,,,,,,,,,0.610,,,,,,https://spravy.pravda.sk/domace/clanok/676309-prieskumy-fico-je-lidorom-do-nepohody-caputova-tesne-vedie-rebricek-dovery/
IPSOS,2023-06-12,2023-06-16,FALSE,General,Trust,1001,0.430,0.370,,0.330,0.160,0.240,,0.300,0.200,0.260,0.220,0.160,,0.190,0.160,,,,,,0.150,,0.050,,,,,,,,,,,,,,https://dennikn.sk/3432068/prezidentka-ma-s-naskokom-najvacsiu-doveru-z-politikov-odor-predbehol-fica/?ref=mwat
IPSOS,2023-06-12,2023-06-16,FALSE,General,Distrust,1001,0.500,0.540,,0.310,0.740,0.420,,0.620,0.690,0.640,0.500,0.360,,0.670,0.410,,,,,,0.780,,0.300,,,,,,,,,,,,,,https://dennikn.sk/3432068/prezidentka-ma-s-naskokom-najvacsiu-doveru-z-politikov-odor-predbehol-fica/?ref=mwat
IPSOS,2023-05-16,2023-05-19,FALSE,General,Trust,1004,0.440,0.340,,0.280,0.160,,,0.280,0.220,0.230,0.210,0.160,,0.200,0.160,,,,,,0.130,,0.080,,,,,,,,0.150,,,,,,https://dennikn.sk/3385192/prieskum-ipsosu-caputova-je-po-vymenovani-vlady-doveryhodnejsia-odor-zacina-so-stvrtym-miestom/?ref=mwat
IPSOS,2023-05-16,2023-05-19,FALSE,General,Distrust,1004,0.480,0.580,,0.270,0.730,,,0.650,0.670,0.660,0.510,0.350,,0.670,0.390,,,,,,0.810,,0.280,,,,,,,,0.700,,,,,,https://dennikn.sk/3385192/prieskum-ipsosu-caputova-je-po-vymenovani-vlady-doveryhodnejsia-odor-zacina-so-stvrtym-miestom/?ref=mwat
MEDIAN SK,2023-04-01,2023-04-30,FALSE,General,Trust,1002,0.340,0.290,,,0.130,,,0.270,0.210,0.220,0.180,0.120,,0.100,0.100,,,,,0.090,0.090,,0.070,,,,,,,,0.090,,,,,,https://www.median.sk/pdf/OSTATNE/4523500_PAT04_osobnosti_institucie_v03.pdf
MEDIAN SK,2023-04-01,2023-04-30,FALSE,General,Distrust,1002,0.480,0.530,,,0.690,,,0.560,0.600,0.600,0.570,0.560,,0.660,0.530,,,,,0.680,0.710,,0.460,,,,,,,,0.650,,,,,,https://www.median.sk/pdf/OSTATNE/4523500_PAT04_osobnosti_institucie_v03.pdf
FOCUS,2023-04-19,2023-04-26,FALSE,General,Trust,1013,0.400,0.380,,,0.180,,,0.330,0.210,0.240,0.260,0.230,,0.230,0.240,,,0.130,,0.130,0.090,,0.090,,,,,,,,,,,,,,https://tvnoviny.sk/na-telo/clanok/716403-prezidentka-odsunula-pellegriniho
FOCUS,2023-04-19,2023-04-26,FALSE,General,Distrust,1013,0.600,0.610,,,0.810,,,0.660,0.780,0.740,0.620,0.570,,0.730,0.560,,,0.840,,0.860,0.800,,0.560,,,,,,,,,,,,,,https://tvnoviny.sk/na-telo/clanok/716403-prezidentka-odsunula-pellegriniho
IPSOS,2023-04-13,2023-04-18,FALSE,General,Trust,1002,0.400,0.340,,,0.190,0.210,,0.310,0.240,0.270,0.220,0.130,,0.210,0.140,,,0.120,,0.160,0.120,,,,,,,,,,0.140,,,,,,https://www.postoj.sk/128886/na-cele-rebricka-je-caputova-jej-popularita-vsak-klesa
IPSOS,2023-04-13,2023-04-18,FALSE,General,Distrust,1002,0.530,0.560,,,0.710,0.460,,0.610,0.650,0.640,0.490,0.380,,0.650,0.430,,,0.750,,0.730,0.810,,,,,,,,,,0.730,,,,,,https://www.postoj.sk/128886/na-cele-rebricka-je-caputova-jej-popularita-vsak-klesa
MEDIAN SK,2023-03-06,2023-04-02,FALSE,General,Trust,1057,0.410,0.290,,,0.120,,,0.260,0.220,0.210,0.170,0.170,,0.070,0.120,,,,,0.090,0.100,,0.080,,,,,,,,,,,,,,https://www.median.sk/pdf/OSTATNE/4523500_PAT03_osobnosti_institucie_v03.pdf
MEDIAN SK,2023-03-06,2023-04-02,FALSE,General,Distrust,1057,0.480,0.590,,,0.750,,,0.620,0.650,0.660,0.620,0.550,,0.730,0.560,,,,,0.730,0.760,,0.520,,,,,,,,,,,,,,https://www.median.sk/pdf/OSTATNE/4523500_PAT03_osobnosti_institucie_v03.pdf
FOCUS,2023-03-14,2023-03-22,FALSE,Government,Trust,1018,,,,,,,,,0.220,,,,,,,,,0.150,,,,,,,,,,,,,,,,0.300,0.200,,https://tvnoviny.sk/na-telo/clanok/696600-prieskum-focusu-rebricku-nedoveryhodnosti-kraluje-remisova-prepadli-sa-vsetci-clenovia-vlady
FOCUS,2023-03-14,2023-03-22,FALSE,Government,Distrust,1018,,,,,,,,,0.770,,,,,,,,,0.820,,,,,,,,,,,,,,,,0.660,0.770,,https://tvnoviny.sk/na-telo/clanok/696600-prieskum-focusu-rebricku-nedoveryhodnosti-kraluje-remisova-prepadli-sa-vsetci-clenovia-vlady
IPSOS,2023-03-07,2023-03-09,TRUE,General,Trust,1017,0.460,0.350,,,0.180,0.250,,0.300,0.260,0.270,0.220,0.160,,0.210,0.140,,,0.160,,0.140,0.130,,0.050,,,,0.120,,,,0.130,0.170,,,,,https://img.projektn.sk/wp-static/2023/03/Dovera-v-politikov--marec-2023-FB-1.png?w=2400&h=1260&fit=crop&fm=png&markx=10w&marky=5w&markpost=bottom-right&markw=15w&mark=2022/02/n-512.png
IPSOS,2023-03-07,2023-03-09,TRUE,General,Distrust,1017,0.480,0.580,,,0.740,0.460,,0.640,0.650,0.660,0.550,0.390,,0.680,0.450,,,0.710,,0.770,0.790,,0.360,,,,0.530,,,,0.740,0.650,,,,,https://img.projektn.sk/wp-static/2023/03/Dovera-v-politikov--marec-2023-FB-1.png?w=2400&h=1260&fit=crop&fm=png&markx=10w&marky=5w&markpost=bottom-right&markw=15w&mark=2022/02/n-512.png
MEDIAN SK,2023-02-01,2023-03-05,FALSE,General,Trust,1006,0.430,0.290,,,0.150,,,0.290,0.210,0.220,0.210,0.170,,0.120,0.120,,,,,0.140,0.090,,0.070,,,,,,,,,,,,,,https://www.median.sk/pdf/OSTATNE/4523500_PAT02_osobnosti_v03.pdf
MEDIAN SK,2023-02-01,2023-03-05,FALSE,General,Distrust,1006,0.470,0.620,,,0.750,,,0.630,0.690,0.690,0.590,0.550,,0.720,0.570,,,,,0.740,0.800,,0.520,,,,,,,,,,,,,,https://www.median.sk/pdf/OSTATNE/4523500_PAT02_osobnosti_v03.pdf
Polis,2023-02-14,2023-02-21,FALSE,General,Trust,1002,,0.376,,,0.100,,,0.329,,0.164,0.185,,,0.170,,,,0.079,,0.058,0.092,,,,,,,,,,,,0.090,,,,https://sita.sk/ludia-najviac-veria-pellegrinimu-ficovi-a-uhrikovi-matovic-je-druhy-najnedoveryhodnejsi/
Polis,2023-02-14,2023-02-21,FALSE,General,Distrust,1002,,0.579,,,0.879,,,0.640,,0.806,0.722,,,0.784,,,,0.878,,0.911,0.882,,,,,,,,,,,,0.715,,,,https://sita.sk/ludia-najviac-veria-pellegrinimu-ficovi-a-uhrikovi-matovic-je-druhy-najnedoveryhodnejsi/
FOCUS,2023-02-01,2023-02-08,FALSE,General,Trust,1017,0.390,0.420,,,0.170,,,0.330,0.190,0.270,0.260,0.200,,0.240,0.190,,,0.140,,0.120,0.080,,0.110,,,,,,,,0.120,,,,,,https://tvnoviny.sk/na-telo/clanok/645754-exkluzivny-prieskum-doveryhodnost-caputovej-opat-klesla-dzurinda-je-na-urovni-kotlebu
FOCUS,2023-02-01,2023-02-08,FALSE,General,Distrust,1017,0.600,0.560,,,0.820,,,0.660,0.800,0.710,0.580,0.550,,0.720,0.540,,,0.830,,0.850,0.910,,0.460,,,,,,,,0.840,,,,,,https://tvnoviny.sk/na-telo/clanok/645754-exkluzivny-prieskum-doveryhodnost-caputovej-opat-klesla-dzurinda-je-na-urovni-kotlebu
MEDIAN SK,2023-01-09,2023-02-05,FALSE,General,Trust,1029,0.370,0.330,,,0.130,,,0.270,0.200,0.230,0.210,0.140,,0.110,0.110,,,,,0.120,0.090,,0.040,,,,,,,,,,,,,,https://www.median.sk/pdf/OSTATNE/4523500_PAT01_Sprava_v05.pdf
MEDIAN SK,2023-01-09,2023-02-05,FALSE,General,Distrust,1029,0.470,0.550,,,0.720,,,0.600,0.640,0.730,0.560,0.530,,0.720,0.540,,,,,0.720,0.760,,0.500,,,,,,,,,,,,,,https://www.median.sk/pdf/OSTATNE/4523500_PAT01_Sprava_v05.pdf
Polis,2023-01-28,2023-02-01,FALSE,General,Trust,1002,,0.350,,,0.180,,,0.320,,0.250,0.160,,,0.200,,,,0.117,,0.099,0.080,,,,,,,,,,,,0.150,,,,https://spravy.pravda.sk/domace/clanok/655818-prieskum-polis-volby-by-vyhral-smer-najdoveryhodnejsim-politikom-je-pellegrini/?utm_source=pravda&utm_medium=hp-box&utm_campaign=shp_bleskove_spravy
Polis,2023-01-28,2023-02-01,FALSE,General,Distrust,1002,,0.600,,,,,,0.630,,,,,,,,,,,,0.850,0.864,,,,,,,,,,,,,,,,https://spravy.pravda.sk/domace/clanok/655818-prieskum-polis-volby-by-vyhral-smer-najdoveryhodnejsim-politikom-je-pellegrini/?utm_source=pravda&utm_medium=hp-box&utm_campaign=shp_bleskove_spravy
IPSOS,2023-01-18,2023-01-20,TRUE,General,Trust,1010,0.440,0.360,,,0.180,0.200,,0.260,0.260,0.280,0.190,0.130,,0.170,0.160,,,0.140,,0.130,0.140,,0.050,,,,,,,0.170,0.140,0.150,,,,,https://twitter.com/MeitPastorek/status/1624013203293319169/photo/1
IPSOS,2023-01-18,2023-01-20,TRUE,General,Distrust,1010,0.500,0.570,,,0.740,0.480,,0.670,0.670,0.660,0.560,0.380,,0.720,0.420,,,0.750,,0.780,0.800,,0.320,,,,,,,0.590,0.710,0.680,,,,,https://twitter.com/MeitPastorek/status/1624013203293319169/photo/1
IPSOS,2022-11-22,2022-11-28,TRUE,General,Trust,1023,0.417,0.394,,,0.218,0.246,,0.282,0.263,0.252,0.177,0.146,,0.184,0.123,,,0.160,,0.151,0.129,,0.046,,,,,,,0.213,0.171,0.175,,,,,https://dennikn.sk/3133491/prieskum-ipsosu-najvacsiu-doveru-ma-prezidentka-caputova-podporuje-ju-aj-vacsina-volicov-matovica/?ref=mwat
IPSOS,2022-11-22,2022-11-28,TRUE,General,Distrust,1023,0.527,0.535,,,0.712,0.479,,0.661,0.647,0.679,0.563,0.350,,0.707,0.419,,,0.726,,0.762,0.827,,0.321,,,,,,,0.543,0.711,0.630,,,,,https://dennikn.sk/3133491/prieskum-ipsosu-najvacsiu-doveru-ma-prezidentka-caputova-podporuje-ju-aj-vacsina-volicov-matovica/?ref=mwat
Polis,2022-11-25,2022-11-30,FALSE,General,Trust,1058,,0.301,,,0.198,,,0.283,,0.171,0.173,,,,,,,0.133,,,,,,,,,,,,,,,0.193,,,,https://www.webnoviny.sk/taraba-je-v-rebricku-doveryhodnosti-za-sulikom-najviac-ludi-veri-pellegrinimu-a-najmenej-matovicovi/
Polis,2022-11-25,2022-11-30,FALSE,General,Distrust,1058,,,,,,,,,,,,,,,,,,,,0.840,0.875,,,,,,,,,,,,,,,,https://www.webnoviny.sk/taraba-je-v-rebricku-doveryhodnosti-za-sulikom-najviac-ludi-veri-pellegrinimu-a-najmenej-matovicovi/
FOCUS,2022-11-02,2022-11-08,FALSE,Government,Trust,1017,,,,,,,,,0.260,,,,,,,,,0.160,,,0.110,,,,,,,,,,,,,0.310,0.200,,https://tvnoviny.sk/na-telo/clanok/356445-prieskum-focusu-najdoveryhodnejsi-minister-je-milan-krajniak-na-chvoste-ostava-igor-matovic
FOCUS,2022-11-02,2022-11-08,FALSE,Government,Distrust,1017,,,,,,,,,0.730,,,,,,,,,0.810,,,0.880,,,,,,,,,,,,,0.650,0.770,,https://tvnoviny.sk/na-telo/clanok/356445-prieskum-focusu-najdoveryhodnejsi-minister-je-milan-krajniak-na-chvoste-ostava-igor-matovic
IPSOS,2022-10-18,2022-10-21,TRUE,General,Trust,1018,0.452,0.361,,,0.228,0.252,,0.281,0.230,0.281,0.171,0.114,,0.153,0.129,,,0.160,,0.133,0.111,,0.044,,,,,,,0.185,0.156,,,,,,https://img.projektn.sk/wp-static/2022/10/Dovera-v-politikov--oktober.png
IPSOS,2022-10-18,2022-10-21,TRUE,General,Distrust,1018,0.488,0.560,,,0.689,0.472,,0.656,0.674,0.629,0.558,0.376,,0.727,0.420,,,0.727,,0.771,0.833,,0.328,,,,,,,0.591,0.702,,,,,,https://img.projektn.sk/wp-static/2022/10/Dovera-v-politikov--oktober.png
Polis,2022-10-16,2022-10-22,FALSE,General,Trust,1013,,0.279,,,0.224,,,0.239,,0.184,0.139,,,,,,,,,,,,,,,,,,,,,,0.150,,,,https://www.webnoviny.sk/pellegrini-a-fico-su-najdoveryhodnejsimi-lidrami-politickych-stran-matovic-a-remisova-su-v-spolocnosti-kotlebu/
Polis,2022-10-16,2022-10-22,FALSE,General,Distrust,1013,,,,,,,,,,,,,,,,,,0.836,,0.852,0.890,,,,,,,,,,,,,,,,https://www.webnoviny.sk/pellegrini-a-fico-su-najdoveryhodnejsimi-lidrami-politickych-stran-matovic-a-remisova-su-v-spolocnosti-kotlebu/
FOCUS,2022-09-21,2022-09-27,FALSE,General,Trust,1009,0.400,0.410,,,0.200,,,0.330,0.220,0.260,0.250,0.170,,0.220,0.190,,,0.150,,0.120,0.080,,0.090,,,,,,,,0.130,,,,,,https://tvnoviny.sk/na-telo/clanok/315117-prieskum-heger-a-sulik-sa-prepadli-doveryhodnost-najviac-stupa-ficovi
FOCUS,2022-09-21,2022-09-27,FALSE,General,Distrust,1009,0.590,0.580,,,0.790,,,0.650,0.780,0.720,0.600,0.550,,0.740,0.530,,,0.830,,0.860,0.910,,0.480,,,,,,,,0.810,,,,,,https://tvnoviny.sk/na-telo/clanok/315117-prieskum-heger-a-sulik-sa-prepadli-doveryhodnost-najviac-stupa-ficovi
IPSOS,2022-09-14,2022-09-20,TRUE,General,Trust,1003,0.436,0.384,,,0.230,0.270,,0.295,0.268,0.241,0.167,0.127,,0.193,0.114,,,0.147,,0.149,0.105,,0.052,,,,,,,0.197,0.182,,,,,,https://dennikn.sk/3026461/prieskum-doveryhodnosti-korcok-predbehol-aj-hegera-dzurinda-sa-vracia-s-velkou-nedoverou/
IPSOS,2022-09-14,2022-09-20,TRUE,General,Distrust,1003,0.507,0.552,,,0.684,0.455,,0.646,0.658,0.675,0.581,0.345,,0.684,0.427,,,0.747,,0.785,0.840,,0.297,,,,,,,0.575,0.682,,,,,,https://dennikn.sk/3026461/prieskum-doveryhodnosti-korcok-predbehol-aj-hegera-dzurinda-sa-vracia-s-velkou-nedoverou/
FOCUS,2022-05-25,2022-05-31,FALSE,General,Trust,1008,0.420,0.440,,,0.300,,,0.300,0.270,0.250,0.240,0.220,,0.210,0.190,,,0.170,,0.110,0.110,,0.080,,,,,,,,,,,,,,https://tvnoviny.sk/na-telo/clanok/184909-zmena-na-poste-najdoveryhodnejsieho-politika-zuzanu-caputovu-predbehol-peter-pellegrini
FOCUS,2022-05-25,2022-05-31,FALSE,General,Distrust,1008,0.570,0.530,,,0.680,,,0.680,0.710,0.720,0.590,0.470,,0.740,0.480,,,0.790,,0.850,0.880,,0.400,,,,,,,,,,,,,,https://tvnoviny.sk/na-telo/clanok/184909-zmena-na-poste-najdoveryhodnejsieho-politika-zuzanu-caputovu-predbehol-peter-pellegrini
FOCUS,2022-03-30,2022-04-06,FALSE,Government,Trust,1007,,,,,0.310,0.310,0.280,,0.330,,,,,,,,,0.190,,,0.110,,,,,,,,,,,,,0.260,0.230,0.220,https://www.startitup.sk/prieskum-doveryhodnosti-clenov-vlady-ukazal-necakane-vysledky-matovic-je-na-chvoste/
FOCUS,2022-03-30,2022-04-06,FALSE,Government,Distrust,1007,,,,,0.670,0.590,0.660,,0.670,,,,,,,,,0.780,,,0.880,,,,,,,,,,,,,0.700,0.730,0.730,https://www.startitup.sk/prieskum-doveryhodnosti-clenov-vlady-ukazal-necakane-vysledky-matovic-je-na-chvoste/
FOCUS,2022-02-22,2022-03-01,FALSE,General,Trust,1003,0.420,0.390,,,0.270,,,0.260,0.280,0.240,0.210,0.190,,0.200,,0.160,,0.170,,0.140,0.110,,0.080,,,,,,,,,,,,,,https://tvnoviny.sk/na-telo/clanok/150525-prieskum-doveryhodnosti-za-styri-mesiace-sa-najviac-prepadla-prezidentka-caputova
FOCUS,2022-02-22,2022-03-01,FALSE,General,Distrust,1003,0.560,0.590,,,0.710,,,0.710,0.700,0.740,0.640,0.540,,0.770,,0.700,,0.800,,0.820,0.870,,0.460,,,,,,,,,,,,,,https://tvnoviny.sk/na-telo/clanok/150525-prieskum-doveryhodnosti-za-styri-mesiace-sa-najviac-prepadla-prezidentka-caputova
MEDIAN SK,2022-02-09,2022-02-20,FALSE,General,Trust,1012,0.480,0.350,,,0.320,,,0.280,,0.210,0.180,0.130,,0.200,,0.150,,0.200,,0.140,0.140,,0.050,,,0.210,0.130,,,,,,,,,,https://www.median.sk/pdf/OSTATNE/4522500_Doveryhodnost_politikov_PAT2_v06.pdf
MEDIAN SK,2022-02-09,2022-02-20,FALSE,General,Distrust,1012,0.460,0.580,,,0.600,,,0.640,,0.720,0.560,0.380,,0.710,,0.520,,0.720,,0.780,0.800,,0.280,,,0.550,0.460,,,,,,,,,,https://www.median.sk/pdf/OSTATNE/4522500_Doveryhodnost_politikov_PAT2_v06.pdf
FOCUS,2022-01-19,2022-01-26,FALSE,Government,Trust,1017,,,,,0.310,0.290,0.300,,0.330,,,,,,,,,0.210,,,0.130,,,,,,,,,,,,,0.290,0.240,0.230,https://tvnoviny.sk/na-telo/clanok/144772-prieskum-budaj-je-najdoveryhodnejsim-clenom-vlady-matovicovi-doveruje-len-13-percent-ludi
FOCUS,2022-01-19,2022-01-26,FALSE,Government,Distrust,1017,,,,,0.660,0.610,0.650,,0.650,,,,,,,,,0.750,,,0.850,,,,,,,,,,,,,0.660,0.720,0.710,https://tvnoviny.sk/na-telo/clanok/144772-prieskum-budaj-je-najdoveryhodnejsim-clenom-vlady-matovicovi-doveruje-len-13-percent-ludi
FOCUS,2021-11-16,2021-11-23,FALSE,General,Trust,1005,0.520,0.410,,,0.270,,,0.290,0.280,0.240,0.240,0.230,,0.210,,0.170,,0.180,,0.170,0.140,,0.100,,,,,,,,,,,,,,https://tvnoviny.sk/na-telo/clanok/142003-prieskum-doveryhodnost-caputovej-stupla-matovica-predbehol-aj-kotleba
FOCUS,2021-11-16,2021-11-23,FALSE,General,Distrust,1005,0.470,0.570,,,0.720,,,0.690,0.700,0.750,0.600,0.490,,0.750,,0.660,,0.790,,0.800,0.860,,0.460,,,,,,,,,,,,,,https://tvnoviny.sk/na-telo/clanok/142003-prieskum-doveryhodnost-caputovej-stupla-matovica-predbehol-aj-kotleba
FOCUS,2021-10-20,2021-10-27,FALSE,Government,Trust,1009,,,,,0.273,0.342,0.309,,0.297,,,,,,,,,0.153,,,0.113,,,,,,,,,,,,,0.234,0.266,0.201,https://tvnoviny.sk/na-telo/clanok/140448-prieskum-lengvarsky-je-najdoveryhodnejsi-minister-matovic-na-samom-dne
FOCUS,2021-10-20,2021-10-27,FALSE,Government,Distrust,1009,,,,,0.702,0.544,0.638,,0.675,,,,,,,,,0.815,,,0.872,,,,,,,,,,,,,0.720,0.668,0.751,https://tvnoviny.sk/na-telo/clanok/140448-prieskum-lengvarsky-je-najdoveryhodnejsi-minister-matovic-na-samom-dne
FOCUS,2021-09-01,2021-09-07,FALSE,General,Trust,1002,0.490,0.410,,,0.290,,,0.290,0.300,0.260,0.230,0.210,,0.250,,0.190,,0.190,,0.200,0.130,,0.080,,,,,,,,,,,,,,https://tvnoviny.sk/na-telo/clanok/138444-prieskum-slovaci-najviac-doveruju-caputovej-kollara-preskocil-fico
FOCUS,2021-09-01,2021-09-07,FALSE,General,Distrust,1002,0.500,0.570,,,0.680,,,0.690,0.670,0.730,0.580,0.460,,0.710,,0.650,,0.770,,0.770,0.850,,0.370,,,,,,,,,,,,,,https://tvnoviny.sk/na-telo/clanok/138444-prieskum-slovaci-najviac-doveruju-caputovej-kollara-preskocil-fico
FOCUS,2021-06-02,2021-06-09,FALSE,General,Trust,1011,0.540,0.440,,,0.340,,,0.250,0.290,0.310,0.220,0.230,,0.230,,0.210,,0.190,,0.150,0.130,,0.100,,,,,,,,,,,,,,https://tvnoviny.sk/na-telo/clanok/134127-prieskum-doveryhodnosti-remisovej-vyrazny-prepad-preskocil-ju-fico-aj-uhrik
FOCUS,2021-06-02,2021-06-09,FALSE,General,Distrust,1011,0.450,0.540,,,0.650,,,0.740,0.690,0.680,0.590,0.470,,0.750,,0.590,,0.790,,0.820,0.870,,0.400,,,,,,,,,,,,,,https://tvnoviny.sk/na-telo/clanok/134127-prieskum-doveryhodnosti-remisovej-vyrazny-prepad-preskocil-ju-fico-aj-uhrik
FOCUS,2021-05-11,2021-05-19,FALSE,Government,Trust,1008,,,,,0.356,0.301,0.329,,0.301,,,,,,,,,0.209,,,0.110,,,,,,,,,,,,,0.290,0.215,0.243,https://tvnoviny.sk/na-telo/clanok/133134-exkluzivny-prieskum-vo-vlade-ludia-najviac-doveruju-lengvarskemu-najmenej-matovicovi
FOCUS,2021-05-11,2021-05-19,FALSE,Government,Distrust,1008,,,,,0.615,0.581,0.617,,0.659,,,,,,,,,0.759,,,0.874,,,,,,,,,,,,,0.651,0.712,0.707,https://tvnoviny.sk/na-telo/clanok/133134-exkluzivny-prieskum-vo-vlade-ludia-najviac-doveruju-lengvarskemu-najmenej-matovicovi
FOCUS,2021-03-31,2021-04-07,FALSE,General,Trust,1001,0.580,0.410,,,0.270,,,0.240,0.290,0.280,0.180,0.160,,,,0.160,,0.260,,0.150,0.150,,,,,,,,,,,,,,,,https://tvnoviny.sk/na-telo/clanok/131157-prieskum-doveryhodnosti-matovic-sa-prepadol-na-same-dno
FOCUS,2021-03-31,2021-04-07,FALSE,General,Distrust,1001,0.400,0.560,,,0.710,,,0.740,0.660,0.700,0.640,0.530,,,,0.670,,0.700,,0.830,0.840,,,,,,,,,,,,,,,,https://tvnoviny.sk/na-telo/clanok/131157-prieskum-doveryhodnosti-matovic-sa-prepadol-na-same-dno
FOCUS,2021-02-17,2021-02-24,FALSE,Government,Trust,1018,,,,,0.375,0.316,0.328,,0.243,,,,,,,,,0.296,,,0.193,,,,,,,,,,,,,0.299,0.272,0.288,https://tvnoviny.sk/na-telo/clanok/129479-doveryhodnost-vlady-matovic-s-holym-na-samom-dne-prieskum-ovladli-ministri-za-sas
FOCUS,2021-02-17,2021-02-24,FALSE,Government,Distrust,1018,,,,,0.603,0.543,0.626,,0.659,,,,,,,,,0.661,,,0.793,,,,,,,,,,,,,0.653,0.667,0.635,https://tvnoviny.sk/na-telo/clanok/129479-doveryhodnost-vlady-matovic-s-holym-na-samom-dne-prieskum-ovladli-ministri-za-sas
MEDIAN SK,2021-01-22,2021-01-27,FALSE,General,Trust,1008,0.700,0.390,,,0.390,,0.380,0.170,,0.210,,0.120,,,,0.140,,0.320,,0.120,0.270,,0.030,,,,,,,,,,,,,,https://www.median.sk/pdf/OSTATNE/4521510_RTVS_Zaverecnasprava_v19.pdf
MEDIAN SK,2021-01-22,2021-01-27,FALSE,General,Distrust,1008,0.270,0.560,,,0.560,,0.490,0.790,,0.730,,0.370,,,,0.420,,0.600,,0.840,0.690,,0.240,,,,,,,,,,,,,,https://www.median.sk/pdf/OSTATNE/4521510_RTVS_Zaverecnasprava_v19.pdf
FOCUS,2021-01-12,2021-01-19,FALSE,General,Trust,1005,0.640,0.440,,,0.370,,,0.200,,0.200,,0.170,,,,0.170,,0.300,,0.210,0.210,,0.070,,,,,,,,,,,,,,https://tvnoviny.sk/na-telo/clanok/127800-najdoveryhodnejsim-politikom-je-caputova-matovic-s-kollarom-su-na-urovni-kotlebu-a-fica
FOCUS,2021-01-12,2021-01-19,FALSE,General,Distrust,1005,0.350,0.550,,,0.630,,,0.790,,0.790,,0.450,,,,0.600,,0.670,,0.770,0.780,,0.400,,,,,,,,,,,,,,https://tvnoviny.sk/na-telo/clanok/127800-najdoveryhodnejsim-politikom-je-caputova-matovic-s-kollarom-su-na-urovni-kotlebu-a-fica
AKO,2020-11-23,2020-11-27,FALSE,COVID-19,Trust,1000,,,,,0.580,,,,,,,,,,,,,,,,0.390,,,,,0.325,,,,,,,,,,,https://ako.sk/wp-content/uploads/2020/12/ag.AKO-Prieskum-verejnej-mienky.pdf
AKO,2020-11-23,2020-11-27,FALSE,COVID-19,Distrust,1000,,,,,0.331,,,,,,,,,,,,,,,,0.558,,,,,0.370,,,,,,,,,,,https://ako.sk/wp-content/uploads/2020/12/ag.AKO-Prieskum-verejnej-mienky.pdf
FOCUS,2020-11-18,2020-11-25,FALSE,General,Trust,1004,0.630,0.460,,,0.450,,,0.190,,0.320,,0.180,,,,0.180,,0.290,,0.160,0.250,,0.090,,,,,,,,,,,,,,https://tvnoviny.sk/na-telo/clanok/125262-prieskum-sulikovi-doveruje-stale-viac-ludi-matovic-klesa-prvenstvo-patri-caputovej
FOCUS,2020-11-18,2020-11-25,FALSE,General,Distrust,1004,0.350,0.520,,,0.540,,,0.800,,0.650,,0.500,,,,0.540,,0.660,,0.820,0.730,,0.320,,,,,,,,,,,,,,https://tvnoviny.sk/na-telo/clanok/125262-prieskum-sulikovi-doveruje-stale-viac-ludi-matovic-klesa-prvenstvo-patri-caputovej
MEDIAN SK,2020-11-06,2020-11-11,FALSE,General,Trust,1018,0.680,0.380,,,0.360,,,0.180,,0.270,,,,,,,,0.280,,0.130,0.330,,,,,,,,,,,,,,,,https://www.median.sk/pdf/OSTATNE/4520583_RTVS_Volebnymodel_v05.pdf
MEDIAN SK,2020-11-06,2020-11-11,FALSE,General,Distrust,1018,0.290,0.570,,,0.590,,,0.780,,0.690,,,,,,,,0.600,,0.820,0.640,,,,,,,,,,,,,,,,https://www.median.sk/pdf/OSTATNE/4520583_RTVS_Volebnymodel_v05.pdf
FOCUS,2020-10-07,2020-10-15,FALSE,Government,Trust,1014,,,,,0.474,0.408,0.446,,0.337,,,,,,,,,0.343,,,0.313,,,,,,,,,,,,,0.386,0.379,0.448,https://tvnoviny.sk/na-telo/clanok/123017-exkluzivny-prieskum-sulik-je-najdoveryhodnejsi-minister-ludia-najviac-nedoveruju-matovicovi
FOCUS,2020-10-07,2020-10-15,FALSE,Government,Distrust,1014,,,,,0.503,0.423,0.484,,0.559,,,,,,,,,0.611,,,0.671,,,,,,,,,,,,,0.553,0.487,0.400,https://tvnoviny.sk/na-telo/clanok/123017-exkluzivny-prieskum-sulik-je-najdoveryhodnejsi-minister-ludia-najviac-nedoveruju-matovicovi
FOCUS,2020-08-26,2020-09-02,FALSE,General,Trust,1022,0.660,0.510,,,0.340,,,0.210,,0.350,,0.140,,0.150,,0.170,,0.290,,0.170,0.320,,,,,0.270,,,,,,,,,,,https://tvnoviny.sk/na-telo/clanok/121536-prieskum-najviac-ludi-doveruje-caputovej-obrovsky-prepad-matovica-a-kollara
FOCUS,2020-08-26,2020-09-02,FALSE,General,Distrust,1022,0.310,0.470,,,0.630,,,0.770,,0.630,,0.480,,0.810,,0.560,,0.630,,0.810,0.660,,,,,0.600,,,,,,,,,,,https://tvnoviny.sk/na-telo/clanok/121536-prieskum-najviac-ludi-doveruje-caputovej-obrovsky-prepad-matovica-a-kollara
FOCUS,2020-04-15,2020-04-17,FALSE,General,Trust,1016,0.620,0.550,,,0.340,,,0.200,,0.460,,,0.130,0.170,,,0.180,,0.240,0.220,0.480,,,,,0.230,,,,,,,,,,,https://tvnoviny.sk/na-telo/clanok/114900-exkluzivny-prieskum-naznacil-ze-ludia-zacinaju-verit-politikom-tymto-piatim-najviac
FOCUS,2020-04-15,2020-04-17,FALSE,General,Distrust,1016,0.300,0.390,,,0.550,,,0.730,,0.440,,,0.660,0.710,,,0.580,,0.680,0.690,0.440,,,,,0.560,,,,,,,,,,,https://tvnoviny.sk/na-telo/clanok/114900-exkluzivny-prieskum-naznacil-ze-ludia-zacinaju-verit-politikom-tymto-piatim-najviac
AKO,2020-04-14,2020-04-17,FALSE,General,Trust,1000,0.835,0.609,,,0.502,,,,,0.616,,,,,,,,0.490,,0.196,0.647,,,,,,,,,,,,,,,,https://ako.sk/wp-content/uploads/2020/04/AKO_APRIL-_2020-_Doveryhodnost_politickych_lidrov_.pdf
AKO,2020-04-14,2020-04-17,FALSE,General,Distrust,1000,0.123,0.349,,,0.431,,,,,0.319,,,,,,,,0.336,,0.742,0.317,,,,,,,,,,,,,,,,https://ako.sk/wp-content/uploads/2020/04/AKO_APRIL-_2020-_Doveryhodnost_politickych_lidrov_.pdf
AKO,2020-03-17,2020-03-19,FALSE,General,Trust,1000,0.782,0.742,,,0.399,,,,,0.526,,,,,,,,0.414,,0.162,0.635,,,,,,,,,,,,,,,,https://ako.sk/wp-content/uploads/2020/03/AKO_pre_TA3_Doveryhodnost_politickych_lidrov.pdf
AKO,2020-03-17,2020-03-19,FALSE,General,Distrust,1000,0.198,0.246,,,0.557,,,,,0.438,,,,,,,,0.429,,0.799,0.337,,,,,,,,,,,,,,,,https://ako.sk/wp-content/uploads/2020/03/AKO_pre_TA3_Doveryhodnost_politickych_lidrov.pdf
FOCUS,2020-01-15,2020-01-22,FALSE,General,Trust,1013,0.580,0.390,,,0.200,,,0.190,,0.280,,,0.140,0.220,,,0.270,,0.290,0.220,0.290,,,0.080,0.140,0.260,,0.220,0.150,,,,,,,,https://tvnoviny.sk/na-telo/clanok/111050-exkluzivny-prieskum-ktorym-politikom-slovaci-doveruju-najviac-a-ktorym-najmenej
FOCUS,2020-01-15,2020-01-22,FALSE,General,Distrust,1013,0.390,0.590,,,0.770,,,0.780,,0.690,,,0.810,0.760,,,0.680,,0.690,0.760,0.690,,,0.750,0.840,0.670,,0.730,0.820,,,,,,,,https://tvnoviny.sk/na-telo/clanok/111050-exkluzivny-prieskum-ktorym-politikom-slovaci-doveruju-najviac-a-ktorym-najmenej
FOCUS,2019-09-11,2019-09-17,FALSE,General,Trust,1027,0.560,0.460,,,0.280,,,0.250,,0.290,,,0.230,0.270,,,0.270,,0.320,0.210,0.260,,,,0.180,0.270,,0.300,0.170,,,,,,,,https://hnonline.sk/slovensko/2010768-najdoveryhodnejsim-politikom-je-caputova-predbehla-tak-pellegriniho
FOCUS,2019-09-11,2019-09-17,FALSE,General,Distrust,1027,0.410,0.510,,,0.690,,,0.720,,0.760,,,0.700,0.700,,,0.620,,0.650,0.760,0.730,,,,0.790,0.600,,0.630,0.790,,,,,,,,https://hnonline.sk/slovensko/2010768-najdoveryhodnejsim-politikom-je-caputova-predbehla-tak-pellegriniho
FOCUS,2019-06-01,2019-06-11,FALSE,General,Trust,1017,0.494,0.516,,,0.290,,,0.239,,0.318,,,0.235,0.258,,,0.283,,0.319,0.233,0.273,,,,0.231,0.345,,0.344,0.214,,,,,,,,https://focus-research.sk/files/n252_Dovera_nedovera%20k%20vybranym%20politikom_jun%202019.pdf
FOCUS,2019-06-01,2019-06-11,FALSE,General,Distrust,1017,0.433,0.453,,,0.663,,,0.728,,0.633,,,0.623,0.699,,,0.440,,0.642,0.724,0.686,,,,0.735,0.508,,0.543,0.746,,,,,,,,https://focus-research.sk/files/n252_Dovera_nedovera%20k%20vybranym%20politikom_jun%202019.pdf
AKO,2019-03-27,2019-03-28,FALSE,General,Trust,1000,,0.520,,,0.350,,,0.200,,0.330,,,0.210,0.230,,,,,0.570,0.220,0.360,,,,0.340,,,,,,,,,,,,https://ako.sk/wp-content/uploads/2019/03/dovera.pdf
AKO,2019-03-27,2019-03-28,FALSE,General,Distrust,1000,,0.450,,,0.600,,,0.790,,0.620,,,0.500,0.730,,,,,0.410,0.760,0.610,,,,0.640,,,,,,,,,,,,https://ako.sk/wp-content/uploads/2019/03/dovera.pdf
FOCUS,2019-01-16,2019-01-23,TRUE,General,Trust,1013,,0.430,,,0.290,,,0.250,,0.300,,,0.190,0.240,,,,,0.350,0.150,0.250,,,,0.280,,,0.290,,,,,,,,,https://focus-research.sk/files/n252_Dovera_nedovera%20k%20vybranym%20politikom_jun%202019.pdf
FOCUS,2019-01-16,2019-01-23,TRUE,General,Distrust,1013,,0.540,,,0.700,,,0.740,,0.670,,,0.720,0.730,,,,,0.630,0.820,0.720,,,,0.700,,,0.630,,,,,,,,,https://focus-research.sk/files/n252_Dovera_nedovera%20k%20vybranym%20politikom_jun%202019.pdf
FOCUS,2018-09-18,2018-09-25,FALSE,General,Trust,1015,,0.397,,,0.267,,,0.254,,0.261,,,0.155,0.293,,,,,0.413,0.139,0.236,,,,0.277,,,,,,,,,,,,https://focus-research.sk/files/252_Dovera_nedovera%20k%20vybranym%20politikom_september%202018.pdf
FOCUS,2018-09-18,2018-09-25,FALSE,General,Distrust,1015,,0.563,,,0.698,,,0.716,,0.703,,,0.743,0.678,,,,,0.553,0.830,0.729,,,,0.685,,,,,,,,,,,,https://focus-research.sk/files/252_Dovera_nedovera%20k%20vybranym%20politikom_september%202018.pdf
AKO,2018-08-30,2018-09-05,FALSE,General,Trust,1000,,0.480,,,0.400,,,0.270,,0.340,,,0.240,0.370,,,,,0.620,0.170,0.320,,,,0.450,,,,,,,,,,,,https://ako.sk/wp-content/uploads/2018/09/AKO_DOVERYHODNOST_LIDROV_SEPTEMBER_2018.pdf
AKO,2018-08-30,2018-09-05,FALSE,General,Distrust,1000,,0.450,,,0.550,,,0.700,,0.580,,,0.460,0.570,,,,,0.350,0.780,0.630,,,,0.510,,,,,,,,,,,,https://ako.sk/wp-content/uploads/2018/09/AKO_DOVERYHODNOST_LIDROV_SEPTEMBER_2018.pdf
FOCUS,2018-04-24,2018-04-30,FALSE,General,Trust,1005,,0.347,,,0.266,,,0.231,,0.238,,,0.172,0.312,,,,,0.462,0.139,0.231,,,,0.259,,,,,,,,,,,,https://focus-research.sk/files/n229_Dovera_nedovera%20k%20vybranym%20politikom_april%202018.pdf
FOCUS,2018-04-24,2018-04-30,FALSE,General,Distrust,1005,,0.609,,,0.704,,,0.742,,0.731,,,0.729,0.652,,,,,0.515,0.835,0.746,,,,0.713,,,,,,,,,,,,https://focus-research.sk/files/n229_Dovera_nedovera%20k%20vybranym%20politikom_april%202018.pdf
AKO,2018-04-04,2018-04-07,FALSE,General,Trust,1000,,0.410,,,0.370,,,0.240,,0.340,,,0.280,0.350,,,,,0.670,0.210,0.320,,,,0.370,,,,,,,,,,,,https://ako.sk/wp-content/uploads/2018/04/doveryhodnost_lidrov_april_2018.pdf
AKO,2018-04-04,2018-04-07,FALSE,General,Distrust,1000,,0.510,,,0.600,,,0.720,,0.610,,,0.450,0.590,,,,,0.310,0.760,0.630,,,,0.580,,,,,,,,,,,,https://ako.sk/wp-content/uploads/2018/04/doveryhodnost_lidrov_april_2018.pdf
FOCUS,2018-01-23,2018-01-28,FALSE,General,Trust,1012,,,,,0.307,,,0.295,,0.305,,,0.189,0.332,,,,,0.526,0.136,0.265,,,,0.310,,,,,,,,,,,,https://www.focus-research.sk/files/n224_Dovera_nedovera%20k%20vybranym%20politikom_januar%202018.pdf
FOCUS,2018-01-23,2018-01-28,FALSE,General,Distrust,1012,,,,,0.646,,,0.677,,0.647,,,0.670,0.631,,,,,0.440,0.824,0.700,,,,0.647,,,,,,,,,,,,https://www.focus-research.sk/files/n224_Dovera_nedovera%20k%20vybranym%20politikom_januar%202018.pdf
AKO,2017-11-14,2017-11-18,FALSE,General,Trust,1000,,,,,0.410,,,0.340,,0.370,,,0.240,0.310,,,,,0.660,0.180,0.370,,,,0.470,,,,,,,,,,,,https://ako.sk/wp-content/uploads/2017/11/ag.AKO-D%C3%94VERYHODNOST-LIDROV-november-2017.pdf
AKO,2017-11-14,2017-11-18,FALSE,General,Distrust,1000,,,,,0.530,,,0.630,,0.590,,,0.450,0.630,,,,,0.310,0.770,0.580,,,,0.500,,,,,,,,,,,,https://ako.sk/wp-content/uploads/2017/11/ag.AKO-D%C3%94VERYHODNOST-LIDROV-november-2017.pdf
FOCUS,2017-10-04,2017-10-11,TRUE,General,Trust,1003,,,,,0.280,,,0.270,,0.280,,,0.170,0.260,,,,,0.450,0.170,0.230,,,,0.290,,,,,,,,,,,,https://www.focus-research.sk/files/242_Dovera_nedovera%20k%20vybranym%20politikom_januar%202018.pdf
FOCUS,2017-10-04,2017-10-11,TRUE,General,Distrust,1003,,,,,0.670,,,0.700,,0.670,,,0.680,0.690,,,,,0.510,0.780,0.710,,,,0.670,,,,,,,,,,,,https://www.focus-research.sk/files/242_Dovera_nedovera%20k%20vybranym%20politikom_januar%202018.pdf
AKO,2017-03-13,2017-03-15,FALSE,General,Trust,1000,,,,,0.370,,,0.380,,0.300,,,0.190,0.380,,,,,,0.230,0.300,,,,0.470,,,,,,,,,,,,https://ako.sk/wp-content/uploads/2017/03/AKO-D%C3%94VERYHODNOST-PREDSEDOV-STRAN-MAREC-2017.pdf
AKO,2017-03-13,2017-03-15,FALSE,General,Distrust,1000,,,,,0.570,,,0.600,,0.660,,,0.520,0.560,,,,,,0.730,0.660,,,,0.480,,,,,,,,,,,,https://ako.sk/wp-content/uploads/2017/03/AKO-D%C3%94VERYHODNOST-PREDSEDOV-STRAN-MAREC-2017.pdf
FOCUS,2017-01-21,2017-01-27,TRUE,General,Trust,1008,,,,,0.300,,,0.300,,0.230,,,0.150,0.280,,,,,0.570,0.160,0.260,,,,0.290,,,,,,,,,,,,https://www.focus-research.sk/files/242_Dovera_nedovera%20k%20vybranym%20politikom_januar%202018.pdf
FOCUS,2017-01-21,2017-01-27,TRUE,General,Distrust,1008,,,,,0.660,,,0.670,,0.730,,,0.750,0.680,,,,,0.390,0.800,0.710,,,,0.670,,,,,,,,,,,,https://www.focus-research.sk/files/242_Dovera_nedovera%20k%20vybranym%20politikom_januar%202018.pdf
FOCUS,2016-09-08,2016-09-14,TRUE,General,Trust,1009,,,,,0.310,,,0.320,,0.210,,,0.160,0.410,,,,,0.580,0.160,0.200,,,,0.380,,,,,,,,,,,,https://www.focus-research.sk/files/242_Dovera_nedovera%20k%20vybranym%20politikom_januar%202018.pdf
FOCUS,2016-09-08,2016-09-14,TRUE,General,Distrust,1009,,,,,0.650,,,0.640,,0.740,,,0.700,0.530,,,,,0.390,0.810,0.770,,,,0.590,,,,,,,,,,,,https://www.focus-research.sk/files/242_Dovera_nedovera%20k%20vybranym%20politikom_januar%202018.pdf
AKO,2016-07-22,2016-07-28,FALSE,General,Trust,1000,,,,,0.350,,,0.430,,0.220,,,,0.500,,,,,,0.200,0.270,,,,0.520,,,,,,,,,,,,https://www1.pluska.sk/spravy/z-domova/prieskum-doveryhodnosti-ktoremu-politikovi-doveruju-slovaci-najmenej
AKO,2016-07-22,2016-07-28,FALSE,General,Distrust,1000,,,,,0.600,,,0.540,,0.720,,,,0.380,,,,,,0.750,0.670,,,,0.450,,,,,,,,,,,,https://www1.pluska.sk/spravy/z-domova/prieskum-doveryhodnosti-ktoremu-politikovi-doveruju-slovaci-najmenej
AKO,2016-05-04,2016-05-10,FALSE,General,Trust,1000,,,,,0.430,,,0.480,,0.310,,,,0.580,,,,,,0.250,0.260,,,,0.580,,,,,,,,,,,,https://ako.sk/wp-content/uploads/2016/05/ag.-AKO-doveryhodnost-vs-sympatia-predsedov-stran-FINAL.pdf
AKO,2016-05-04,2016-05-10,FALSE,General,Distrust,1000,,,,,0.530,,,0.500,,0.640,,,,0.300,,,,,,0.710,0.700,,,,0.410,,,,,,,,,,,,https://ako.sk/wp-content/uploads/2016/05/ag.-AKO-doveryhodnost-vs-sympatia-predsedov-stran-FINAL.pdf
FOCUS,2016-01-31,2016-02-07,FALSE,General,Trust,1000,,0.304,,,0.260,,,0.352,,,,,,0.330,,,,,0.627,,0.260,,,,0.440,,,,,,,,,,,,https://www.focus-research.sk/files/n185_Dovera%20k%20najvyssim%20ustavnym%20cinitelom_februar%202016.pdf
FOCUS,2016-01-31,2016-02-07,FALSE,General,Distrust,1000,,0.555,,,0.650,,,0.597,,,,,,0.500,,,,,0.315,,0.670,,,,0.490,,,,,,,,,,,,https://www.focus-research.sk/files/n185_Dovera%20k%20najvyssim%20ustavnym%20cinitelom_februar%202016.pdf
FOCUS,2015-10-06,2015-10-14,FALSE,General,Trust,1032,,0.361,,,0.250,,,0.463,,,,,,0.280,,,,,0.607,,0.260,,,,0.340,,,,,,,,,,,,https://www.focus-research.sk/files/196_Dovera%20k%20najvyssim%20ustavnym%20cinitelom_oktober%202015.pdf
FOCUS,2015-10-06,2015-10-14,FALSE,General,Distrust,1032,,0.473,,,0.670,,,0.500,,,,,,0.490,,,,,0.346,,0.670,,,,0.580,,,,,,,,,,,,https://www.focus-research.sk/files/196_Dovera%20k%20najvyssim%20ustavnym%20cinitelom_oktober%202015.pdf
FOCUS,2015-06-02,2015-06-10,FALSE,General,Trust,1018,,0.316,,,0.210,,,0.379,,,,,,0.260,,,,,0.719,,0.280,,,,0.430,,,,,,,,,,,,https://www.focus-research.sk/files/192_Hodnotenie%20prezidenta%20SR%20rok%20po%20nastupe%20do%20uradu_jun2015.pdf
FOCUS,2015-06-02,2015-06-10,FALSE,General,Distrust,1018,,0.496,,,0.700,,,0.568,,,,,,0.450,,,,,0.230,,0.640,,,,0.500,,,,,,,,,,,,https://www.focus-research.sk/files/192_Hodnotenie%20prezidenta%20SR%20rok%20po%20nastupe%20do%20uradu_jun2015.pdf
FOCUS,2014-12-02,2014-12-10,FALSE,General,Trust,1050,,0.339,,,0.190,,,0.388,,,,,,0.191,,,,,0.709,,0.307,,,,0.400,,,,,,,,,,,,https://www.focus-research.sk/files/183_Dovera%20k%20vybranym%20politikom_december%202014.pdf
FOCUS,2014-12-02,2014-12-10,FALSE,General,Distrust,1050,,0.443,,,0.735,,,0.574,,,,,,0.531,,,,,0.241,,0.624,,,,0.542,,,,,,,,,,,,https://www.focus-research.sk/files/183_Dovera%20k%20vybranym%20politikom_december%202014.pdf